#No.,RA,DEC,Type,Velocity,Redshift,Redshift Flag,References,Notes,Photometry Points,Positions,Redshift Points,Diameter Points,Associations ,Redshift-independent Distances,Classifications,Images,Spectra
1,0.645042,-3.710722,G,6462.92581,0.021558,,39,,44,14,7,5,,6,12,1,5
2,0.66625,8.737,G,5538.066077,0.018473,,30,,45,15,9,6,,4,5,1,3
3,0.693208,18.886222,G,7886.040608,0.026305,,38,1,43,15,12,7,,7,17,1,4
4,0.737417,4.208722,G,8631.024866,0.02879,,29,,46,13,10,6,,3,7,1,3
5,0.773583,-1.913806,G,7270.866484,0.024253,,109,3,64,23,15,7,,8,15,1,3
6,0.812042,16.145417,G,1051.072358,0.003506,,285,9,114,36,27,12,,20,35,20,9
7,0.895917,23.200778,G,7269.873571,0.02425,SPEC,104,2,60,25,20,7,,34,38,2,3
8,0.995458,20.752333,G,2309.900889,0.007705,,177,6,80,22,17,7,,23,43,6,9
9,1.005167,-51.394083,G,10496.033747,0.035011,,19,1,39,10,6,14,,3,4,3,1
10,1.062625,-50.646028,G,11872.081129,0.039601,,21,1,39,11,7,16,,3,6,3,
11,1.054349,10.790167,G,7975.078968,0.026602,,33,1,35,13,9,7,,3,7,1,3
12,1.06125,22.588611,G,4444.123397,0.014824,,31,1,27,10,8,4,,3,12,,2
13,1.104292,6.177667,G,5070.989427,0.016915,,23,,46,13,7,6,,4,8,1,2
14,1.120125,5.847111,G,3118.141356,0.010401,,40,1,27,16,13,7,,4,12,1,4
15,1.240792,5.123444,G,5356.991432,0.017869,,23,,34,8,5,7,,,3,1,1
16,1.275968,6.920112,G,6137.051408,0.020471,,64,1,45,19,16,7,,3,8,1,2
17,1.307875,6.772,G,6291.144731,0.020985,,70,2,46,23,18,6,,7,14,4,3
18,1.370917,-50.270306,G,10377.016141,0.034614,,35,2,44,13,13,17,,3,7,3,
19,1.371917,-49.620306,G,10684.902996,0.035641,,18,1,43,10,9,16,,3,6,3,1
20,1.392917,53.631333,G,9522.907428,0.031765,,23,,31,11,7,5,,2,5,1,1
21,1.451708,27.449417,G,7522.092564,0.025091,,59,,44,18,16,7,,21,22,1,3
22,1.48375,22.492583,G,6596.933038,0.022005,,27,1,39,13,9,7,,8,15,1,2
23,1.668208,5.113472,G,5371.081678,0.017916,,34,,41,15,12,7,,4,10,1,3
24,1.699333,4.937056,G,5285.041242,0.017629,,17,,39,11,7,3,,3,7,1,4
25,1.709833,19.321917,G,7894.135004,0.026332,,23,1,40,13,10,7,,3,10,1,3
26,1.719625,-50.415111,G,10097.009985,0.03368,,22,2,38,11,7,16,,4,6,3,1
27,1.798667,13.768194,G,5378,0.017939,,20,,9,9,6,,1,3,4,,3
28,1.816,27.708083,G,4549.950135,0.015177,,120,3,62,22,20,8,,16,32,2,4
29,1.821292,27.678361,G,7546.975338,0.025174,,47,3,43,15,16,8,,14,22,2,3
30,1.831375,32.60925,G,5073.987352,0.016925,,69,2,33,21,14,6,,12,24,2,3
31,2.006825,33.070772,G,4904.005028,0.016358,,65,4,59,19,13,5,,11,17,1,3
32,2.042792,27.00425,G,8774.925246,0.02927,,39,1,50,17,13,7,,7,12,1,1
33,2.045625,27.528139,G,4636.889948,0.015467,,37,1,46,15,11,6,,7,15,1,3
34,2.078083,-59.515611,G,7786.509512,0.025973,,28,1,53,12,8,16,,6,11,3,2
35,2.087333,-29.915,G,1495.064988,0.004987,,65,3,48,20,19,15,,14,23,4,5
36,2.143917,-33.858333,G,6804.089627,0.022696,,53,1,55,15,18,18,,14,18,4,5
37,2.167208,-50.619389,G,10025.959173,0.033443,,12,1,39,11,6,14,,3,5,3,
38,2.205042,24.540333,G,4579.929381,0.015277,,29,,36,10,8,7,,3,8,1,3
39,2.198833,33.433333,G,4811.069366,0.016048,,58,2,43,18,12,7,,12,19,2,2
40,2.268375,25.618611,G,4335.89832,0.014463,,39,,48,14,8,7,,3,13,1,4
41,2.264292,-32.914139,G,6890.130062,0.022983,,37,,43,10,12,18,1,13,14,4,2
42,2.450792,27.832306,G,8312.045691,0.027726,,47,1,43,16,14,6,,7,15,1,3
43,2.472542,25.923778,G,4564.939758,0.015227,,338,11,156,57,31,10,,18,56,17,11
44,2.469982,-64.372086,G,1831.132333,0.006108,,34,2,19,10,8,14,,10,13,4,
45,2.508292,28.210139,G,8172.042613,0.027259,,37,1,42,13,11,7,,2,9,1,3
46,2.485583,-24.963139,G,554.016462,0.001848,,229,7,119,34,19,19,,32,49,48,13
47,2.512583,28.150306,G,8204.120406,0.027366,,29,1,33,11,4,5,,5,10,1,3
48,2.609917,28.987944,G,7037.028367,0.023473,,44,1,45,15,10,7,,12,21,1,3
49,2.58325,-46.419417,G,6003.943556,0.020027,,42,2,45,12,8,16,,14,17,3,
50,2.607792,25.831833,G,4593.120249,0.015321,,99,3,57,21,17,7,,13,42,2,6
51,2.636542,28.99625,G,7848.866343,0.026181,,54,1,50,17,15,7,,15,21,1,3
52,2.670292,32.983083,G,4787.985347,0.015971,,66,4,60,23,11,7,,13,19,2,2
53,2.695417,33.352833,G,4764.901327,0.015894,,75,3,53,20,18,7,,15,23,2,3
54,2.802458,-33.578556,G,7842.870494,0.026161,,33,2,47,12,13,18,2,8,13,4,1
55,2.809352,28.906469,G,8044.93061,0.026835,,36,1,38,13,11,7,,3,8,1,3
56,2.842896,6.389371,G,6029.126123,0.020111,,90,1,43,26,18,7,,8,15,5,3
57,2.853458,-41.398222,G,1466.884497,0.004893,,35,1,23,11,8,14,,8,14,4,2
58,2.937917,28.499,G,8041.932566,0.026825,,37,,38,14,13,7,,7,16,1,3
59,3.037874,12.04496,G,6351.103223,0.021185,,45,,15,9,9,5,1,7,13,,4
60,3.065542,22.321806,G,7633.015773,0.025461,,42,1,49,18,11,7,,11,17,1,2
61,3.667125,18.582028,G,5399.861753,0.018012,,51,1,53,17,12,6,,8,14,1,3
62,3.963667,16.089778,G,4209.08611,0.01404,,97,2,50,21,17,6,,8,14,1,3
63,3.989833,14.075556,G,5475.10966,0.018263,,50,,54,12,11,11,,3,8,1,5
64,4.118417,29.923944,G,4862.933461,0.016221,,36,,38,12,8,7,,8,16,1,3
65,4.184083,7.076083,G,3965.954427,0.013229,,53,1,43,18,14,7,,8,12,1,4
66,4.271083,42.161361,G,5070.989427,0.016915,,31,,50,14,10,7,,4,9,1,1
67,4.2925,-19.301472,G,3202.982621,0.010684,,51,1,46,15,12,18,,13,16,3,2
68,4.330833,6.723056,G,5654.085758,0.01886,,31,1,11,8,10,5,,3,10,,3
69,4.348833,18.084167,G,5443.031867,0.018156,,48,2,48,15,9,7,,,8,1,3
70,4.376542,-6.824611,G,7310.139296,0.024384,,34,1,44,13,9,6,,7,12,1,4
71,4.399458,30.204972,G,4832.054838,0.016118,,44,1,44,17,12,6,,11,20,1,4
72,4.424083,24.667222,G,6047.11367,0.020171,,39,1,49,15,12,6,,12,17,1,3
73,4.439667,11.450333,G,1159.89702,0.003869,,92,1,62,21,13,7,,4,12,4,7
74,4.499333,24.563028,G,5798.885515,0.019343,,54,,44,14,12,5,,8,13,1,4
75,4.60475,18.514528,G,5225.08275,0.017429,,20,,40,12,9,2,,3,7,1,4
76,4.752375,23.476528,G,4462.110945,0.014884,,38,,42,14,10,7,,11,20,1,2
77,4.770583,-22.936389,G,7603.935905,0.025364,,39,2,44,14,9,17,,7,10,3,1
78,4.789042,-24.523083,G,9849.981,0.032856,,24,,48,13,8,18,,3,5,3,1
79,5.026,-54.523167,G,8949.104664,0.029851,,18,1,44,11,6,17,,3,6,3,1
80,5.083708,7.7005,G,5711.046325,0.01905,,46,1,47,17,11,7,,8,14,1,3
81,5.322917,23.090861,G,5714.044249,0.01906,,40,,49,13,11,7,,7,15,1,2
82,5.334167,17.346667,GPair,5271.850374,0.017585,,18,1,8,4,4,3,1,1,6,,2
83,5.369042,22.556417,G,5591.129612,0.01865,,23,,34,8,8,3,,4,4,1,1
84,5.389542,22.591972,G,6561.5,0.021887,SPEC,33,,41,10,6,4,,3,4,1,2
85,5.379708,29.662194,G,7028.034593,0.023443,,34,1,42,12,6,6,,11,18,1,3
86,5.521208,23.736972,G,4484.895172,0.01496,,44,2,42,13,13,7,,17,22,1,2
87,5.556417,10.491583,G,5383.073376,0.017956,,80,4,62,19,15,8,,13,28,3,3
88,5.610375,29.504278,G,7091.890386,0.023656,,46,,49,18,13,7,,8,15,1,3
89,5.739,-22.118611,G,7370.097787,0.024584,,10,1,44,11,4,16,,3,4,3,
90,5.986333,24.305694,G,5681.067079,0.01895,,34,,44,15,13,7,,7,15,1,3
91,6.011834,16.486389,G,843.915769,0.002815,,127,3,54,24,18,8,,19,37,11,8
92,6.193917,29.560528,G,4668.068364,0.015571,,31,,36,11,8,5,,7,16,1,3
93,6.249505,6.664762,G,8688.88481,0.028983,,25,,38,9,5,6,,,3,1,2
94,6.263958,31.344778,G,6804.989004,0.022699,,68,1,50,18,14,7,,16,26,1,4
95,6.354,6.706417,G,8944.008192,0.029834,,16,,42,11,5,3,,3,4,1,3
96,6.375167,24.811333,G,4552.94806,0.015187,,33,1,42,15,11,6,,7,14,1,3
97,6.35475,-41.602417,G,8023.045761,0.026762,,11,,45,12,7,14,,3,4,3,1
98,6.449,-2.284778,G,5329.110733,0.017776,,41,,45,13,10,5,,11,18,1,5
99,6.703042,31.703306,G,6298.939335,0.021011,,64,2,48,18,13,6,,16,23,1,3
100,6.692833,-33.677083,G,1831.132333,0.006108,,73,1,67,19,21,18,,15,27,9,8
101,6.762167,11.583806,G,2133.922716,0.007118,,92,3,57,24,20,6,,21,32,8,3
102,6.964672,3.489737,G,1382.942609,0.004613,,42,,40,14,11,4,,4,5,1,4
103,6.957241,-1.19999,G,3891.90569,0.012982,,162,,88,27,23,15,,13,15,7,4
104,7.062208,30.80325,G,6298.039958,0.021008,,61,3,28,15,13,7,,13,15,1,3
105,7.089583,27.373,G,9590.960316,0.031992,,31,1,30,10,8,7,,7,13,1,3
106,7.092333,2.52725,G,4289.130697,0.014307,,27,2,47,16,8,7,,3,9,1,2
107,7.143208,33.272306,G,4731.924157,0.015784,,33,1,40,16,9,7,,7,14,1,2
108,7.144678,31.1555,G,6066.899973,0.020237,,41,1,53,16,15,5,,7,10,1,4
109,7.34965,31.381047,G,6334.91443,0.021131,,34,,14,11,8,3,,11,21,,3
110,7.414875,11.601528,G,5208.893958,0.017375,,20,,32,11,8,3,,3,5,1,4
111,7.472542,31.393361,G,6306.134354,0.021035,,45,,38,17,14,7,,16,21,1,3
112,7.591542,-33.244028,G,1582.004801,0.005277,,174,6,91,17,18,19,,30,47,15,5
113,7.691333,-29.342917,G,7263.971137,0.02423,,27,,17,9,10,16,2,3,8,2,3
114,7.82375,28.99375,G,4654.877495,0.015527,,41,,41,14,11,6,,11,20,1,3
115,7.80875,-7.840778,G,6119.06386,0.020411,,33,,40,12,10,6,,7,11,1,4
116,7.815083,-22.559944,G,8049.127705,0.026849,,28,2,47,12,5,17,,6,8,3,
117,7.867375,-19.761306,G,7093.988934,0.023663,,42,,44,14,8,17,,13,16,3,2
118,7.898833,-10.506306,G,3553.140212,0.011852,,64,,42,13,14,5,,14,20,7,5
119,7.940583,-5.152639,G,4132.039449,0.013783,,56,3,51,11,12,6,,7,24,5,3
120,8.050292,31.681639,G,6340.910279,0.021151,,43,2,46,15,11,6,,11,17,1,3
121,8.009042,-64.253389,G,2615.988989,0.008726,,75,2,81,19,6,17,,14,18,5,
122,8.061917,-41.383889,G,7803.897474,0.026031,,29,2,49,13,8,18,,7,11,3,2
123,8.128875,2.574167,G,2374.056475,0.007919,,41,1,35,19,11,4,,10,14,2,2
124,8.135208,23.395083,G,4654.877405,0.015527,,44,1,32,12,11,7,,13,21,1,2
125,8.185042,30.750694,G,6116.965313,0.020404,,34,,42,15,12,6,,7,11,1,4
126,8.220667,30.650972,G,6053.109519,0.020191,,20,,43,15,9,2,,3,4,1,4
127,8.21025,11.736861,G,4918.994651,0.016408,,38,1,39,16,13,6,,4,6,1,3
128,8.314333,7.905056,G,5398.062999,0.018006,,41,1,44,12,10,7,1,9,16,1,3
129,8.292833,-13.146194,G,6179.921729,0.020614,,36,,41,12,9,5,,9,13,1,3
130,8.400667,2.681056,G,4388.062208,0.014637,,34,,48,16,10,7,,3,11,1,3
131,8.399625,23.397806,G,5181.912637,0.017285,,27,,41,12,9,5,,3,10,1,4
132,8.511618,-9.705335,G,3732.563,0.01245,SPEC,156,8,124,22,17,15,,28,50,16,4
133,8.5645,-27.803583,G,1587.101273,0.005294,,225,6,91,27,26,19,,35,54,11,6
134,8.636,-30.017861,G,1528.941536,0.0051,,58,2,27,15,14,16,2,12,19,5,3
135,8.712583,39.545111,G,5788.092987,0.019307,,28,1,27,7,7,5,,3,11,4,1
136,8.694833,-8.396444,G,1648.858519,0.0055,,369,12,104,20,18,6,,20,38,24,7
137,8.648042,-55.789972,G,8386.994015,0.027976,,19,1,40,9,4,16,,1,4,3,1
138,8.733042,31.948778,G,5904.112668,0.019694,,41,,42,16,11,7,,11,18,1,3
139,8.90175,9.12425,G,5318.018412,0.017739,,46,1,47,17,12,7,,7,13,1,3
140,8.91475,8.997583,G,5070.09005,0.016912,,25,1,44,13,8,7,,3,10,1,3
141,9.016917,23.957889,G,5255.961374,0.017532,,104,5,54,22,20,8,,11,28,1,3
142,9.041917,21.464556,G,9266.884669,0.030911,,18,1,42,11,9,5,,3,9,1,2
143,9.0083,-9.888528,G,4936.982108,0.016468,,68,4,69,14,17,10,,7,13,10,5
144,9.044042,4.635222,G,4924.9905,0.016428,,36,2,47,14,9,5,,3,8,1,4
145,9.1877,21.566049,G,8914.928324,0.029737,,41,1,36,14,10,8,,8,12,2,3
146,9.301958,1.94225,G,4364.978188,0.01456,,67,2,52,15,9,7,,6,26,2,2
147,9.27575,-46.644083,G,3542.047891,0.011815,,36,2,52,13,8,16,,9,15,3,2
148,9.306708,-22.587028,G,3047.98992,0.010167,,62,2,58,18,16,19,,10,18,3,5
149,9.475333,32.689194,G,4820.06314,0.016078,,33,,37,11,6,5,,12,20,1,2
150,9.491,5.147861,G,5225.982128,0.017432,,25,,35,14,8,4,,7,15,,2
151,9.510083,-46.517583,G,3363.371586,0.011219,,29,2,30,9,6,16,,6,15,3,2
152,9.510792,-53.629833,G,8389.092352,0.027983,,12,,43,12,4,14,,4,4,3,
153,9.632417,30.289917,G,5405.857603,0.018032,,28,,37,11,8,7,,7,14,1,3
154,9.617625,29.625139,G,5651.987211,0.018853,,29,,41,15,10,6,,3,7,1,5
155,9.666375,17.402667,G,5434.038094,0.018126,,32,,9,9,9,5,1,3,10,,3
156,9.771375,6.021056,G,5256.860751,0.017535,,34,1,34,14,12,6,,3,11,1,4
157,9.826083,-27.34925,G,6879.937119,0.022949,,43,1,43,13,11,18,1,13,16,4,1
158,9.906958,8.965417,G,4436.928378,0.0148,,52,1,48,17,12,7,,12,22,1,4
159,9.895333,2.887444,G,5148.935466,0.017175,,74,4,62,22,13,8,,12,32,2,2
160,9.929792,9.00525,G,4439.926303,0.01481,,34,1,44,10,9,7,,2,10,1,2
161,9.889482,-35.803362,G,6447.036809,0.021505,,30,1,35,10,8,14,2,13,19,2,4
162,10.148417,-25.442,G,7404.873713,0.0247,,10,,44,12,6,14,,3,4,3,1
163,10.265208,31.732694,G,4656.076665,0.015531,,57,,53,20,14,6,,17,25,1,4
164,10.229667,-13.775583,G,8462.841297,0.028229,,25,1,45,11,8,4,,3,5,1,2
165,10.181375,-63.441861,G,1711.21535,0.005708,,55,2,44,16,11,16,,14,17,5,2
166,10.36679,25.499441,G,4537.059059,0.015134,,195,6,74,31,21,10,,15,38,12,3
167,10.391221,-10.021429,G,3932,0.013116,,64,1,74,16,16,14,,4,7,7,3
168,10.465375,32.991306,G,4927.988425,0.016438,,43,1,40,15,12,5,,2,11,1,2
169,10.519333,36.805028,G,10643.830949,0.035504,,44,1,52,17,11,7,,7,13,1,2
170,10.532333,33.406761,G,6244.077315,0.020828,,29,1,15,10,9,3,,3,10,1,2
171,10.561208,-18.16175,G,1551.126178,0.005174,,65,1,51,14,16,18,,18,24,7,6
172,10.722833,33.522722,G,6235.083541,0.020798,,51,1,49,14,13,5,,8,15,1,2
173,10.866007,-0.124929,G,4168.913921,0.013906,,166,5,115,32,25,11,,18,31,11,5
174,10.837542,-55.326917,G,7948.097856,0.026512,,24,2,37,7,3,16,,5,10,3,
175,10.936625,-24.421361,G,6774.110381,0.022596,,26,,33,10,8,16,,9,11,3,2
176,11.287811,-9.631711,G,6092.540022,0.020323,SPEC,23,1,39,6,8,9,2,2,3,,1
177,11.493208,-7.282222,G,5824.967459,0.01943,,30,,41,8,7,4,,4,5,1,1
178,11.58075,51.217444,G,5273.948921,0.017592,,33,,37,12,10,7,,4,11,1,1
179,11.465052,-31.199078,G,5839.957082,0.01948,,33,1,12,7,10,15,3,9,12,2,1
180,11.525792,-42.529806,G,7219.002389,0.02408,,13,,34,9,4,14,,3,4,3,
181,11.570083,-24.279333,G,10576.977711,0.035281,,18,,41,13,7,16,,4,4,3,1
182,11.537625,-55.568472,G,7659.997274,0.025551,,19,1,38,9,5,16,,1,6,3,1
183,11.710042,26.4755,G,4954.070368,0.016525,,42,2,33,9,9,5,,7,18,1,4
184,11.679487,-35.797142,G,7025.036668,0.023433,,20,,15,5,7,16,3,3,7,2,1
185,11.736,-21.8475,G,6426.051337,0.021435,,25,1,45,10,9,18,,3,5,3,1
186,11.785625,-20.760389,G,155.892078,0.00052,,457,13,99,38,10,19,,40,61,82,2
187,11.856217,-9.852742,G,5770.211266,0.019247,SPEC,30,,58,12,10,7,,4,3,1,2
188,11.975125,19.596833,G,4555.945984,0.015197,,60,1,45,17,15,9,,7,18,6,3
189,11.94808,-9.89953,G,1344.022952,0.004483,SPEC,65,4,65,19,14,12,,13,18,11,3
190,11.943489,-9.83505,G,5729,0.01911,,67,1,84,25,17,14,,9,12,7,3
191,12.006292,8.297083,G,5279.045393,0.017609,,97,,60,24,18,8,,14,26,2,3
192,12.013708,-2.775333,G,4045.999013,0.013496,,63,3,59,16,9,6,,14,20,1,5
193,12.25875,28.218056,G,5085.97905,0.016965,,70,1,57,17,14,5,,25,35,1,3
194,12.398875,1.11525,G,5282.043318,0.017619,,71,,80,27,24,10,,12,21,10,5
195,12.4393,31.600336,G,5133.945843,0.017125,,34,,12,7,8,3,,10,16,,3
196,12.492583,21.717639,G,4535.85989,0.01513,,27,1,20,8,9,6,,4,10,1,3
197,12.46725,0.963194,G,4623.998872,0.015424,,41,,68,23,15,3,,4,4,1,4
198,12.540583,31.73125,G,4594.919004,0.015327,,46,,39,13,10,5,,12,20,1,4
199,12.511458,7.918806,G,5383.073376,0.017956,,28,1,48,13,11,5,,3,10,5,3
200,12.521945,-1.951762,G,3839.142217,0.012806,,28,1,42,10,5,2,,,,1,2
201,12.586583,-41.24325,G,7012.145593,0.02339,,23,1,44,12,8,18,,5,7,3,
202,12.515687,-66.55329,G,1667.145859,0.005561,,48,1,31,12,5,15,2,7,11,4,1
203,12.642425,-43.063849,G,6930.002459,0.023116,,12,,22,6,4,12,,3,4,2,
204,12.710209,-26.491688,G,5514.08268,0.018393,,18,,30,9,7,12,,3,4,2,1
205,12.696542,-55.607444,G,7919.017688,0.026415,,21,1,44,9,1,16,,7,11,3,1
206,12.893792,29.716472,G,4933.084896,0.016455,,59,,57,15,11,7,,17,25,1,3
207,13.017958,47.5505,G,626.566261,0.00209,,248,17,90,25,14,7,,5,26,28,8
208,13.050625,29.676972,G,5554.854454,0.018529,,39,1,41,11,5,6,,,4,1,
209,13.116461,14.518171,G,5475.10966,0.018263,,51,1,45,17,19,9,1,7,13,9,5
210,13.126083,24.350583,G,10160.865779,0.033893,,53,1,47,15,14,7,,13,19,1,4
211,13.146167,29.207278,G,4868.92931,0.016241,,29,,40,10,7,5,,5,7,1,4
212,13.289042,21.926667,G,7302.944277,0.02436,,33,,41,14,10,5,,18,25,1,2
213,13.360958,29.270361,G,4510.077738,0.015044,,73,,52,18,12,7,,18,25,1,3
214,13.328208,-26.797889,G,10752.955884,0.035868,,15,,50,12,9,14,,3,4,3,2
215,13.386167,2.924306,G,4907.002953,0.016368,,31,,76,20,7,8,,7,14,2,3
216,13.431042,-27.049722,G,5565.047398,0.018563,,55,,60,17,16,17,,10,11,3,5
217,13.383708,-58.107139,G,5973.964311,0.019927,,27,1,43,11,6,16,,9,10,3,
218,13.453668,-33.294948,G,5380.974829,0.017949,,33,1,14,6,11,14,3,9,12,2,3
219,13.446042,-45.186639,G,7323.030372,0.024427,,26,2,55,14,8,18,,13,15,4,1
220,13.469434,-46.972409,G,8271.873501,0.027592,,9,,26,6,3,11,,3,3,2,
221,13.499083,-21.67725,G,17363.979587,0.05792,,12,,35,9,3,4,,3,3,1,
222,13.675437,36.765154,G,6062.103293,0.020221,,42,,44,12,8,3,,14,19,,2
223,13.704917,52.480111,G,5163.925089,0.017225,,23,,36,9,5,5,,1,9,1,1
224,13.678458,21.522639,G,2674.148704,0.00892,,67,2,56,19,11,6,,,5,5,2
225,13.7095,29.246639,G,4629.095344,0.015441,,104,1,90,19,13,7,,25,30,7,6
226,13.695833,31.365972,G,4498.985417,0.015007,,53,1,61,16,12,6,,17,23,1,3
227,13.557708,-62.455361,G,10621.047202,0.035428,,22,1,42,10,8,17,,3,6,3,1
228,13.6375,-51.258639,G,7296.948428,0.02434,,16,,45,12,6,14,,3,4,3,1
229,13.781292,31.542278,G,5469.113811,0.018243,,99,,56,18,14,7,,31,34,1,3
230,13.763167,-19.005944,G,6375.985997,0.021268,,50,1,56,15,12,18,,13,20,3,3
231,13.839792,31.67725,G,5645.091984,0.01883,,61,,48,16,9,6,,21,28,1,4
232,13.787345,-1.046479,G,13703.600195,0.04571,SPEC,54,2,68,19,15,10,,3,9,1,1
233,13.886417,30.398167,G,6674.879077,0.022265,,33,1,44,13,9,2,1,6,8,1,4
234,14.248667,-45.412944,G,7907.925457,0.026378,,26,1,51,14,7,16,,9,10,3,
235,14.423583,33.351444,G,5302.129412,0.017686,,36,1,51,17,10,5,,1,7,1,3
236,14.396208,-5.0025,G,5658.882437,0.018876,,39,2,38,15,12,5,,3,8,1,3
237,14.465431,-1.136015,G,12945.360014,0.043181,SPEC,31,,73,14,12,11,,,2,1,2
238,14.449458,-5.112083,G,5487.101179,0.018303,,33,1,40,17,12,5,,7,8,1,
239,14.506667,-5.071222,G,5267.053665,0.017569,,37,3,40,16,10,5,,4,5,1,1
240,14.480667,-5.130417,G,5479.90634,0.018279,,44,3,42,16,15,5,,13,18,1,4
241,14.647958,45.005222,G,5219.086901,0.017409,,22,,27,9,6,3,,7,14,,1
242,14.593,-36.660139,G,10376.116764,0.034611,,29,1,46,11,7,14,,3,4,3,1
243,14.707542,-35.116028,G,9209.924102,0.030721,,34,1,58,16,14,18,,5,8,4,2
244,14.741667,-18.742667,G,1999.01611,0.006668,,68,3,57,17,17,18,,20,26,5,4
245,14.901,35.560333,G,2356.968305,0.007862,,44,1,47,19,13,7,,7,16,1,4
246,14.917143,15.33098,G,5506.887661,0.018369,,70,1,82,24,24,15,,4,11,7,7
247,14.872458,-36.186611,G,3485.986702,0.011628,,41,1,65,18,15,18,,9,13,6,2
248,14.953053,14.723512,G,12197.056154,0.040685,,41,,81,17,13,13,,8,14,10,4
249,14.958708,-7.577972,G,1650.057689,0.005504,,265,6,213,43,17,6,,21,32,81,15
250,15.117208,47.995194,G,2713.121745,0.00905,,59,1,52,19,12,6,,10,17,1,2
251,15.135417,30.797222,G,4829.956291,0.016111,,57,,61,19,12,8,,13,18,1,3
252,15.151708,30.668972,G,4784.088045,0.015958,,107,2,70,21,15,8,1,23,35,7,3
253,15.230917,47.681972,G,2618.087536,0.008733,,75,,55,19,13,7,,18,25,7,1
254,15.252292,13.468333,G,11772.849826,0.03927,,25,,49,11,11,9,,3,6,5,4
255,15.257125,29.601722,G,4995.141935,0.016662,,35,,53,15,10,7,,1,10,1,3
256,15.260708,9.724833,G,6044.115746,0.020161,,24,1,40,13,9,6,,8,16,1,3
257,15.338375,31.507722,G,5574.041172,0.018593,,80,,61,17,14,7,,24,30,1,3
258,15.278708,-26.058333,G,5579.137643,0.01861,,17,1,53,10,8,14,,,3,3,2
259,15.442,3.082028,G,4374.87134,0.014593,,28,,15,9,7,7,,3,12,1,2
260,15.395917,-59.741528,G,8428.964749,0.028116,,25,2,43,11,6,16,,14,15,3,
261,15.602208,-1.958861,G,4099.961656,0.013676,,41,1,33,13,10,7,,3,9,1,3
262,15.701125,-6.411583,G,5773.103274,0.019257,,17,,55,12,6,6,,4,2,2,
263,15.818292,22.342667,G,4665.070439,0.015561,,88,2,65,17,16,6,,13,21,1,3
264,15.859958,32.237361,G,5279.587118,0.017611,SPEC,98,,45,14,16,6,,33,30,6,1
265,15.841167,-6.339222,G,2392.9434,0.007982,,85,7,41,12,9,7,,1,15,4,1
266,15.810125,-43.011333,G,7121.869632,0.023756,,11,1,34,9,4,14,,3,4,3,
267,15.96,22.027778,G,5666.077456,0.0189,,24,,25,9,6,5,,3,10,3,2
268,15.9845,-2.262333,G,15758.890137,0.052566,,15,,38,10,7,3,,3,2,1,1
269,16.069998,-1.074994,G,5306,0.017699,,43,,88,23,15,13,,,3,1,2
270,16.063236,-1.11431,G,5391.573391,0.017984,SPEC,37,,78,15,14,12,,1,3,1,2
271,16.017917,-46.226167,G,6745.030722,0.022499,,14,1,40,11,4,14,,2,4,3,1
272,16.029333,-51.133056,G,7671.089415,0.025588,,30,3,43,12,5,16,,7,11,3,
273,16.078,-35.121417,G,9951.910436,0.033196,,35,2,53,14,7,17,,3,6,4,1
274,15.191208,-85.522944,G,4657.275835,0.015535,,33,1,38,7,6,5,,11,16,1,2
275,16.124042,-51.460472,G,7400.077033,0.024684,,18,2,42,11,4,16,,3,6,3,
276,16.329083,31.682167,G,5854.946705,0.01953,,56,2,59,16,9,7,,10,16,1,3
277,16.320333,-42.9145,G,8860.066304,0.029554,,12,1,43,11,6,14,,3,4,3,1
278,16.408208,-47.071722,G,5794.988363,0.01933,,31,2,65,18,9,16,,7,10,3,1
279,16.540167,31.405778,G,6250.972542,0.020851,,65,2,49,15,17,7,,18,25,4,3
280,16.541883,1.233114,G,6.484194,2.2E-05,SPEC,26,,67,15,11,11,,3,6,1,2
281,16.561417,-46.501139,G,9125.982214,0.030441,,13,1,38,11,4,14,,3,5,3,
282,16.8865,39.400139,G,5869.03695,0.019577,,49,,47,15,11,7,,6,13,8,2
283,16.77675,-42.008389,G,6998.954724,0.023346,,15,1,39,9,6,16,,,5,3,1
284,16.793833,-42.391972,G,8014.951365,0.026735,,19,1,43,11,6,17,,3,6,3,1
285,16.989208,33.303028,G,4213.88279,0.014056,,29,,38,10,8,6,,1,6,4,3
286,16.9835,2.545861,G,10061.03489,0.03356,,26,1,42,14,8,7,,3,7,1,3
287,16.854375,-69.879167,G,1507.956064,0.00503,,96,5,51,15,15,17,,15,23,8,3
288,17.045167,-46.094056,G,6056.107444,0.020201,,41,2,39,12,9,16,,12,15,3,
289,17.166967,1.356898,G,5375.878357,0.017932,,15,1,28,9,3,4,,,4,,1
290,17.104344,-23.505274,G,8046.12978,0.026839,,14,,18,8,4,14,1,3,4,2,
291,17.069875,-46.754028,G,6840.064722,0.022816,,30,2,37,9,6,16,,8,11,3,
292,17.095625,-47.098778,G,6646.099001,0.022169,,18,1,37,9,5,14,,1,4,3,1
293,17.246667,32.634306,G,5166.923014,0.017235,,49,1,40,16,9,7,,,9,1,
294,17.308458,32.151333,G,4641.087042,0.015481,,72,1,52,18,15,7,,11,22,4,3
295,17.309,32.752139,G,5089.876352,0.016978,,54,4,43,14,10,7,1,,6,4,1
296,17.250083,-45.348028,G,9304.058934,0.031035,,19,1,44,15,6,14,,3,6,3,1
297,17.483625,20.771361,G,5094.073446,0.016992,,29,,45,14,10,6,,8,16,1,2
298,17.497458,32.368361,G,5174.118033,0.017259,,82,2,54,18,16,6,,5,17,1,2
299,17.543375,43.108472,G,5029.91786,0.016778,,51,2,39,13,13,7,,4,16,3,2
300,17.383172,-47.791891,G,7624.921377,0.025434,,13,1,11,7,5,14,,3,8,2,1
301,17.589083,30.183833,G,6820.878004,0.022752,,26,,49,14,11,2,,3,7,1,4
302,17.523708,-35.490778,G,6492.005678,0.021655,,44,2,46,11,12,18,1,13,14,3,1
303,17.652333,33.1265,G,5573.141794,0.01859,,48,4,44,16,8,7,,,4,4,
304,17.684625,33.558389,G,5437.935396,0.018139,,67,1,62,18,13,7,,23,30,7,2
305,17.580417,-35.736389,G,3548.943118,0.011838,,34,2,11,8,11,15,3,9,12,2,1
306,17.659387,-0.278066,G,5403.912549,0.018026,SPEC,46,1,98,15,12,14,,,3,1,2
307,17.603083,-46.571333,G,6698.862744,0.022345,,13,1,40,10,2,13,,5,6,3,
308,17.704333,-1.756694,G,5073.987352,0.016925,,30,,49,14,8,7,,,7,4,2
309,17.723917,-5.821528,G,5747.920797,0.019173,,37,1,43,12,9,6,,14,20,1,4
310,17.775782,15.172119,G,11440.080197,0.03816,,34,,67,12,11,10,,3,6,1,5
311,17.75475,-30.438528,G,6044.115746,0.020161,,43,1,53,12,10,18,,10,17,3,3
312,17.815793,-0.455942,G,5308.425054,0.017707,,30,,53,10,10,10,,1,1,1,2
313,17.84775,1.278667,G,6780.10623,0.022616,,23,1,32,11,4,5,,,2,1,1
314,17.878194,1.321126,G,6774.110381,0.022596,,65,2,39,16,13,6,,,11,5,3
315,17.802161,-58.839,G,4821.861894,0.016084,,22,1,22,7,4,12,,9,9,2,
316,18.040208,32.123167,G,5010.131738,0.016712,,67,,41,17,17,6,,3,14,1,2
317,18.043875,32.003694,G,5234.076524,0.017459,,30,,42,15,12,2,,2,6,1,5
318,17.96225,-55.857333,G,5338.104507,0.017806,,33,2,49,11,8,16,,14,15,3,
319,18.130833,-2.793417,G,5815.074308,0.019397,,30,,37,13,11,5,1,2,6,1,4
320,18.140336,0.293416,G,5714.948424,0.019063,SPEC,33,1,63,12,9,13,,,2,1,2
321,18.079333,-45.888417,G,7984.072681,0.026632,,18,2,46,11,4,14,,1,4,3,
322,18.079542,-50.401722,G,7359.904844,0.02455,,30,2,49,13,9,16,,7,10,3,1
323,18.302039,34.965188,G,4740.917931,0.015814,,28,,35,13,11,3,,9,16,,2
324,18.443006,0.305726,G,13302.990531,0.044374,SPEC,45,,76,20,15,12,,7,6,1,1
325,18.518917,33.704194,G,5728.134495,0.019107,,39,,37,11,8,7,,6,10,4,
326,18.61825,51.143972,G,9736.059866,0.032476,,14,,28,6,3,5,,,3,1,
327,18.609458,42.556306,G,5908.909347,0.01971,,40,,55,17,12,8,,7,18,1,1
328,18.542625,-1.853889,G,5077.884923,0.016938,,15,,39,9,8,4,,1,1,1,1
329,18.517083,-1.742278,G,4901.007103,0.016348,,44,1,44,14,12,7,,6,11,1,2
330,18.52925,-32.650889,G,3583.119458,0.011952,,111,3,81,21,21,16,,14,22,4,3
331,18.491958,-62.399139,G,5014.02886,0.016725,,25,1,37,9,6,16,,9,10,3,
332,18.623958,-31.181444,G,5545.860681,0.018499,,56,1,46,15,14,18,,12,16,3,4
333,18.734417,31.9485,G,5175.916787,0.017265,,50,,40,16,9,6,,,6,1,
334,18.790625,33.790694,G,4439.026926,0.014807,,27,1,35,15,10,4,,2,6,2,4
335,18.734417,0.130694,G,12437.432744,0.041487,SPEC,50,1,66,23,14,8,,3,5,1,1
336,18.760833,6.858333,G,5532.969605,0.018456,,21,1,19,8,7,3,,3,9,,3
337,18.765583,5.376139,G,5312.022563,0.017719,,28,,41,14,10,6,,3,7,1,5
338,18.874167,6.884167,G,5524.875208,0.018429,,22,1,19,9,7,3,,3,10,,4
339,18.966125,33.810722,G,4206.987563,0.014033,,69,,61,18,11,6,,14,22,1,2
340,18.886167,-26.446833,G,3700.038517,0.012342,,38,3,30,10,8,18,,11,17,4,3
341,19.061792,31.033833,G,4963.064142,0.016555,,110,3,91,22,21,7,,28,47,4,3
342,18.968792,-54.554833,G,5452.025641,0.018186,,13,,38,9,6,15,,3,4,3,1
343,19.246517,13.024961,G,6155.938333,0.020534,,32,,48,16,11,7,,4,7,1,3
344,19.188875,-52.434389,G,9042.939703,0.030164,,11,1,39,10,4,15,,3,4,3,
345,19.336,-33.840889,G,5682.865834,0.018956,,37,2,47,13,13,16,,9,16,3,5
346,19.314875,-50.931278,G,4906.103575,0.016365,,17,,41,10,5,14,,3,4,3,
347,19.464875,-1.955861,G,5953.878216,0.01986,,31,1,47,13,10,7,,,11,1,3
348,19.536917,11.381778,G,5193.004957,0.017322,,71,,48,16,12,7,,8,20,2,4
349,19.667292,31.035972,G,6838.865552,0.022812,,30,,39,10,11,6,,3,10,4,3
350,19.792083,33.030556,G,5573.141794,0.01859,,70,,59,19,14,6,,24,29,1,2
351,19.768317,-0.138572,G,5235.275694,0.017463,,59,2,80,19,15,14,,6,9,7,4
352,19.70175,-53.292639,G,7433.054204,0.024794,,24,1,44,9,6,17,,8,12,3,2
353,20.061167,17.830222,G,8705.073603,0.029037,,13,,39,8,5,2,,2,6,1,3
354,20.028458,-0.205361,G,1742.993351,0.005814,,54,1,53,19,13,8,,7,9,9,1
355,20.063949,-0.335842,G,14019.616521,0.046764,SPEC,36,1,83,21,12,14,,,5,7,1
356,20.191208,1.445222,G,5422.945773,0.018089,,27,1,43,14,8,7,,1,7,1,2
357,20.26,2.96,G,5350.096205,0.017846,,22,,45,13,7,3,,2,7,3,2
358,20.334875,40.488194,G,5876,0.0196,,106,2,44,26,17,7,,20,21,5,2
359,20.29375,17.868611,G,8544.085053,0.0285,,17,,8,7,7,3,1,3,9,,2
360,20.283333,1.373333,G,4970.858746,0.016581,,60,1,56,21,13,7,,10,19,2,3
361,20.22801,-36.32378,G,9644.922959,0.032172,,13,1,9,4,4,13,1,3,3,2,
362,20.2705,-36.117833,G,9554.085844,0.031869,,37,2,44,11,12,19,1,7,10,4,1
363,20.338839,0.09039,G,3789.976254,0.012642,,56,2,75,19,18,15,,3,10,1,3
364,20.280256,-35.201977,G,5928.995442,0.019777,,30,2,20,7,7,15,3,9,13,5,3
365,20.324,-22.800667,G,5914.905196,0.01973,,54,1,45,14,8,19,,15,16,3,2
366,20.449125,17.592417,G,2517.956855,0.008399,,95,1,79,24,16,6,,14,17,5,7
367,20.45792,18.267676,G,8306.949219,0.027709,,29,1,42,15,11,7,,3,9,1,3
368,20.505711,37.400479,G,5079.083823,0.016942,,42,1,19,11,10,5,1,8,17,3,3
369,20.445208,5.256722,G,2272.127039,0.007579,,312,13,78,24,15,8,,7,38,29,8
370,20.555417,33.260278,G,4329.902411,0.014443,,29,2,38,11,6,4,,,2,1,
371,20.571417,28.797928,G,4209.08611,0.01404,,32,,15,9,8,4,,3,9,1,4
372,20.511966,5.367191,G,2225.059623,0.007422,,23,2,40,8,2,6,,,7,1,
373,20.454917,-44.057528,G,7173.134143,0.023927,,30,1,47,12,8,19,,7,10,3,
374,20.49382,-34.144749,G,10070.028664,0.03359,,15,1,9,4,5,13,3,3,4,2,
375,20.599064,-0.875207,G,8140.864197,0.027155,,90,2,92,24,21,16,,7,14,8,4
376,20.730833,33.173889,G,5461.918792,0.018219,,66,,66,19,11,7,,16,24,4,3
377,20.6955,-1.392,G,5741.025571,0.01915,,38,,44,15,10,6,,2,3,1,1
378,20.798333,33.529167,G,6003.943556,0.020027,,115,1,64,25,15,7,,21,29,4,2
379,20.810438,-0.70134,G,2001.114657,0.006675,,54,1,58,18,17,13,,4,9,,1
380,20.820844,-0.906035,G,7764.908566,0.025901,SPEC,48,,83,21,17,10,,3,4,1,3
381,20.907917,34.569167,G,6986.963026,0.023306,,34,1,53,15,13,6,,7,15,4,3
382,20.811958,-32.841306,G,9331.939633,0.031128,,37,1,49,13,13,19,,7,10,4,2
383,20.999167,33.907778,G,4868.029933,0.016238,,64,1,58,20,13,7,,16,24,1,3
384,20.985208,-1.634917,G,5920.001728,0.019747,,25,,38,11,8,2,,,2,1,1
385,21.01625,12.917389,G,2472.088585,0.008246,,153,5,75,26,22,8,,16,36,11,5
386,21.035625,9.930528,G,2404.035721,0.008019,,49,,50,22,12,7,,6,11,3,3
387,21.090833,32.224167,G,5113.859749,0.017058,,27,1,33,7,5,7,,,6,1,1
388,20.874917,-56.687417,G,5378.876281,0.017942,,19,1,37,11,9,17,,3,6,3,1
389,21.109708,9.886556,G,10846.49113,0.03618,PHOT,15,1,41,7,3,5,,,3,1,
390,21.124917,15.767444,G,5049.104578,0.016842,,29,,46,15,10,6,,8,16,1,3
391,21.142625,16.536917,G,2419.025344,0.008069,,44,,30,16,13,6,,10,18,3,4
392,21.187613,32.165722,G,10315.4,0.034408,,77,2,47,14,11,7,,4,15,1,
393,21.206667,32.234444,G,10552.994314,0.035201,,31,,46,14,10,5,,3,10,1,3
394,21.146083,7.721167,G,2737.105142,0.00913,,50,1,63,25,14,7,,11,11,3,4
395,21.070708,-37.3355,G,10317.957027,0.034417,,28,2,47,12,7,18,,3,6,3,1
396,21.191042,9.994639,G,2725.113443,0.00909,,101,2,69,28,15,7,,16,28,3,3
397,21.143792,-33.173528,G,9262.08799,0.030895,,32,1,49,15,13,19,,7,10,4,2
398,21.223958,-1.500778,G,4757.106933,0.015868,,38,,44,15,11,7,,,5,1,2
399,21.212708,-1.6915,G,5332.108658,0.017786,,28,,39,13,6,4,,1,4,1,1
400,21.315417,34.359167,G,4895.011254,0.016328,,31,,22,11,9,5,,6,11,4,3
401,21.32225,9.264111,G,2360.865607,0.007875,,94,1,63,23,14,8,,12,20,3,2
402,21.381099,32.136509,G,4656.076665,0.015531,,224,5,96,28,21,8,,29,41,4,7
403,21.358542,-1.550639,G,5470.013189,0.018246,,52,1,46,18,13,7,,2,8,4,1
404,21.302833,-35.816361,G,10562.887465,0.035234,,31,1,51,15,5,15,,8,8,4,1
405,21.303375,-38.069083,G,6500.100074,0.021682,,51,2,60,18,11,19,,13,17,3,1
406,21.38825,-1.811722,G,6415.858184,0.021401,,19,,31,8,6,2,,1,3,1,1
407,21.383458,-1.502611,G,5785,0.019297,,53,1,46,18,11,5,,3,6,1,1
408,21.368667,-38.267389,G,6176.024427,0.020601,,43,2,46,14,11,16,,8,8,3,1
409,21.57875,34.753889,G,5207.99458,0.017372,,66,1,50,14,11,7,,,6,3,
410,21.59075,34.703028,G,5187.908486,0.017305,,144,4,68,22,21,8,,29,45,13,3
411,21.573875,-1.793389,G,5586.03305,0.018633,,29,,44,12,7,2,,1,6,1,2
412,21.560125,-6.094139,G,1959.143713,0.006535,,130,3,67,21,14,6,,25,28,4,5
413,21.604792,-1.638722,G,5547.059581,0.018503,,58,2,50,19,12,7,1,2,6,5,3
414,21.645887,-1.112993,G,5862.78328,0.019556,SPEC,39,,84,15,11,12,,,2,1,2
415,21.68125,-1.306222,G,5017.026785,0.016735,,24,,31,8,8,5,,1,4,1,1
416,21.677292,2.022361,G,5887.024498,0.019637,,55,3,41,18,16,7,,1,9,1,1
417,21.759083,33.955444,G,4141.033222,0.013813,,24,,42,12,8,3,,2,7,1,3
418,21.67625,-25.314972,G,1605.08882,0.005354,,43,1,34,14,12,16,,14,19,4,4
419,21.789713,14.776272,G,6444.038885,0.021495,,75,,86,24,19,15,,6,8,1,5
420,21.838375,11.975583,G,9438.96554,0.031485,,23,1,45,13,9,5,,4,7,1,2
421,21.725749,-36.556218,G,5908.909347,0.01971,,16,,17,7,3,13,2,3,4,2,
422,21.895292,31.554722,G,4040.902541,0.013479,,74,1,68,19,11,8,,19,28,3,3
423,21.919417,37.182917,G,5192.10558,0.017319,,80,,50,21,14,7,,15,23,4,3
424,21.772595,-35.856022,G,6030.0255,0.020114,,28,1,25,7,9,15,3,9,13,5,4
425,21.899594,-1.105117,G,4448.495271,0.014839,SPEC,59,1,76,22,15,10,,1,3,10,3
426,22.00375,32.033111,G,6414.059639,0.021395,,51,1,62,18,13,7,,11,17,1,3
427,21.907417,-21.643083,G,5463.117962,0.018223,,21,,41,9,6,16,,4,4,3,1
428,21.979333,-1.640611,G,5663,0.01889,,14,,36,10,6,4,,,1,1,1
429,22.078167,34.308639,G,4672.865043,0.015587,,49,,48,17,10,7,,,9,1,2
430,22.054,-1.915528,G,4806,0.016031,,41,1,33,14,10,4,,2,5,1,1
431,22.042417,-1.306028,G,4532,0.015117,,46,2,52,19,11,7,,3,7,1,1
432,22.221907,13.79379,G,6333.115675,0.021125,,73,,92,23,20,15,,3,9,13,6
433,22.305458,33.66825,G,6611.023284,0.022052,,29,,44,14,10,4,,3,9,1,4
434,22.232417,-1.819194,G,4787.086119,0.015968,,25,,41,14,8,3,,2,5,1,1
435,22.244325,-0.948996,G,5526,0.018433,,75,2,95,29,22,16,,1,11,7,2
436,22.296167,11.140694,G,5795.887591,0.019333,,35,1,38,14,12,7,,3,10,1,2
437,22.336667,32.064361,G,5067.991502,0.016905,,40,1,36,12,10,3,,13,20,,3
438,22.262833,-35.598917,G,5717.941551,0.019073,,46,2,60,17,12,19,,7,10,6,2
439,22.446083,45.599028,G,5222.084826,0.017419,,39,2,43,16,14,7,,8,17,1,2
440,22.442625,32.021139,G,6336.1136,0.021135,,21,,40,12,7,2,,3,4,4,4
441,22.499458,40.973806,G,2809.055331,0.00937,,40,2,44,18,14,7,,4,15,1,3
442,22.583042,17.021583,G,12945.038336,0.04318,,26,,46,12,9,6,,3,8,1,3
443,22.522583,-42.686306,G,6726.143588,0.022436,,52,2,51,14,14,19,,12,10,3,1
444,22.621202,-22.667368,G,1629.072217,0.005434,,196,5,61,19,20,20,1,34,52,16,5
445,22.73025,17.188556,G,2800.960935,0.009343,,73,,51,22,14,7,,12,17,3,4
446,22.7425,14.108333,G,4519.970889,0.015077,,46,,41,15,13,7,,7,13,9,5
447,22.696375,-23.587889,G,5788.092987,0.019307,,24,1,41,13,6,17,,3,5,3,1
448,22.682583,-51.141917,G,3634.383968,0.012123,,33,2,52,12,7,17,,10,12,3,
449,22.860833,14.2775,G,4480.99787,0.014947,,114,,11,16,13,5,1,19,23,7,5
450,22.991875,33.476528,G,4346.091264,0.014497,,86,1,67,16,12,7,,26,36,2,3
451,22.894417,-41.531222,G,6333.115675,0.021125,,14,1,45,13,7,15,,3,4,3,1
452,23.111041,-34.6092,G,5303.928167,0.017692,,15,1,14,5,4,13,3,3,4,2,
453,23.323658,13.332025,G,2765.885218,0.009226,,69,,45,23,21,8,1,8,16,8,6
454,23.3275,3.070556,G,1710.01618,0.005704,,43,1,29,18,10,4,,7,9,2,3
455,23.426167,3.543222,G,3515.965947,0.011728,,36,,20,12,10,6,,7,16,1,3
456,23.720292,55.402333,G,5752.117892,0.019187,,27,,35,12,10,5,,1,8,1,2
457,23.510258,-1.075769,G,4638.687803,0.015473,SPEC,75,1,105,23,16,15,,6,15,7,4
458,23.533209,-1.032286,G,4901,0.016348,,74,1,98,26,22,14,,7,15,7,3
459,23.501,-34.387389,G,3808.863179,0.012705,,50,2,46,11,11,18,1,14,18,4,2
460,23.553792,-25.5665,G,5759.912496,0.019213,,44,2,47,12,10,19,,13,14,3,2
461,23.645625,-15.504389,G,5446.029792,0.018166,,28,,41,11,9,5,,7,9,1,5
462,23.2005,-79.474319,G,1766.976801,0.005894,,53,1,53,13,6,17,,10,13,5,1
463,23.773667,-7.340306,G,1838.02756,0.006131,,151,4,79,19,14,7,,26,45,4,8
464,23.911886,-41.287941,G,7296.948428,0.02434,,15,1,12,6,4,13,2,3,4,2,
465,24.234292,31.985306,G,6613.121831,0.022059,,37,1,47,14,11,7,,11,18,2,3
466,24.115125,-36.377417,G,5398.062999,0.018006,,42,1,52,13,12,18,1,10,14,4,3
467,24.515292,32.494139,G,5446.029792,0.018166,,39,,45,13,9,7,,18,25,3,2
468,24.644958,34.992111,G,4784.987422,0.015961,,33,,41,10,7,6,,,3,1,1
469,24.586875,7.534139,G,4301.122395,0.014347,,72,,54,18,15,7,,5,15,1,2
470,24.618708,-33.607944,G,8944.008192,0.029834,,25,1,35,11,4,16,2,3,6,2,1
471,24.879833,33.824389,G,4835.95214,0.016131,,28,,36,12,9,2,,2,6,1,4
472,24.888042,35.159833,G,5168.122183,0.017239,,24,,21,8,8,5,,2,9,1,4
473,24.746021,-29.925329,G,5882,0.01962,SPEC,36,3,19,11,7,17,1,4,8,2,1
474,24.140417,-80.347222,G,4322.107897,0.014417,,24,1,26,7,2,14,,10,13,2,1
475,24.720667,-42.585278,G,6230.886447,0.020784,,42,2,46,15,12,18,,9,10,3,1
476,25.03625,5.726694,G,3310.008529,0.011041,,65,1,45,20,13,6,,8,20,1,2
477,25.116542,34.625306,G,5505.088906,0.018363,,69,1,52,20,14,6,,18,25,5,3
478,24.987625,-28.696667,G,5904.112668,0.019694,,50,1,48,15,11,19,,10,12,3,1
479,25.115958,-5.520556,G,2127.02749,0.007095,,40,,33,17,10,3,,7,11,3,4
480,25.089958,-28.91275,G,5684.065004,0.01896,,49,2,47,17,9,19,,10,12,3,2
481,25.279625,-5.568111,G,1495.064988,0.004987,,51,,47,17,12,5,,7,10,3,4
482,25.35185,8.525527,G,4299.023848,0.01434,,35,1,47,16,10,6,,3,6,1,2
483,25.478875,7.121333,G,5469.113811,0.018243,,25,1,29,11,10,7,,3,6,1,3
484,25.54025,12.601889,G,2988.031429,0.009967,,100,1,76,28,16,8,,20,27,5,2
485,25.455458,-28.247222,G,5783.895892,0.019293,,32,1,48,14,11,16,,10,13,3,3
486,25.676292,-18.226917,G,4915.996726,0.016398,,42,,35,12,11,7,,11,12,1,1
487,25.76,13.645056,G,848.112864,0.002829,,470,14,235,49,34,12,,16,41,74,15
488,24.698958,-83.364306,G,4924.091123,0.016425,,41,2,54,11,9,17,,11,16,3,1
489,25.739667,4.200167,G,5568.9447,0.018576,,29,1,45,14,10,7,,3,7,1,2
490,25.809083,8.889361,G,5533.868982,0.018459,,50,2,45,16,12,7,,8,15,2,3
491,25.799625,4.278722,G,5607.917719,0.018706,,35,1,45,16,10,6,,4,8,1,3
492,25.775583,-44.214778,G,6337.012977,0.021138,,24,1,47,14,7,16,,7,8,3,1
493,25.940875,4.222889,G,5430.140792,0.018113,,74,1,53,19,15,7,,7,13,2,2
494,25.882833,-44.161667,G,6405.065865,0.021365,,13,1,42,11,6,15,,3,4,3,1
495,26.0725,12.254444,G,10225.021365,0.034107,,21,,11,9,9,4,1,3,7,,3
496,26.085917,17.477583,G,4603.0134,0.015354,,51,1,59,19,14,6,,8,14,5,2
497,26.159875,34.660222,G,5676.869985,0.018936,,25,,49,12,8,2,,2,6,1,4
498,26.208333,21.882417,G,10507.126068,0.035048,,39,1,46,14,8,6,,2,8,1,4
499,26.11975,-40.664611,G,10034.053569,0.03347,,29,2,48,13,11,18,,4,8,3,1
500,26.422,28.805528,G,7841.071739,0.026155,,30,1,46,15,11,6,,7,14,1,3
501,26.46575,35.110917,G,5661.880362,0.018886,,42,1,51,14,13,7,,13,19,1,2
502,26.398667,3.357528,G,5336.00596,0.017799,,27,,40,12,9,6,,7,12,1,2
503,26.295,-41.88,G,6361.895751,0.021221,,33,2,51,12,9,19,,9,11,3,1
504,25.389083,-83.212222,G,4626.996797,0.015434,,38,2,46,8,6,17,,14,17,3,
505,26.47875,9.822944,G,5207.095203,0.017369,,34,1,39,11,11,7,,7,14,1,4
506,26.408542,-34.523333,G,8467.038391,0.028243,,14,,32,7,6,15,2,,4,2,1
507,26.594458,36.460306,G,4498.08604,0.015004,,85,3,62,18,16,8,,16,27,2,2
508,26.706385,24.465252,G,3122.938035,0.010417,,48,,32,13,11,3,,7,14,,4
509,26.711629,11.401548,G,5219.986279,0.017412,,23,1,29,9,4,5,,,2,1,1
510,26.746553,13.125124,G,5505.226511,0.018363,SPEC,72,,95,27,21,15,,7,17,4,3
511,26.817292,35.563306,G,4674.064213,0.015591,,94,3,62,17,18,8,,14,27,3,4
512,26.804708,-40.658056,G,10002.875154,0.033366,,16,,38,10,8,17,,3,5,3,1
513,27.029441,36.453242,G,4659.973967,0.015544,,59,1,52,13,12,7,,15,24,1,1
514,26.950333,-16.722,G,5171.120108,0.017249,,28,1,37,11,8,6,,3,11,1,3
515,26.935375,-33.6015,G,8645.115111,0.028837,,28,1,55,11,5,20,2,7,10,4,
516,27.0935,11.521308,G,5183.111806,0.017289,,141,2,68,21,15,8,,32,45,2,2
517,27.139463,13.430714,G,5014.928237,0.016728,,42,1,23,11,9,4,1,4,11,9,4
518,27.157696,13.76889,G,4790.983271,0.015981,,28,1,24,10,6,3,1,4,8,9,2
519,27.312458,20.711306,G,2749.09684,0.00917,,82,1,58,22,18,7,,15,32,8,4
520,27.35725,35.452889,G,4146.129694,0.01383,,67,2,62,20,17,7,,7,14,1,3
521,27.156,-48.821111,G,6303.136429,0.021025,,33,2,46,13,7,17,,13,13,3,1
522,27.353407,13.368957,G,4606.910702,0.015367,,48,,86,17,15,14,,3,7,1,4
523,27.515,16.439167,G,4973.856671,0.016591,,25,,32,9,7,4,,3,12,,2
524,27.551417,27.196167,G,3503.074872,0.011685,,82,3,45,18,15,6,,7,20,2,5
525,27.446417,-21.9075,G,11842.101883,0.039501,,37,1,48,14,7,4,,8,8,1,1
526,27.465708,-27.466611,G,4209.985488,0.014043,,38,2,57,17,8,19,,7,11,3,1
527,27.684083,35.284528,G,4150.926373,0.013846,,115,3,80,20,19,8,,15,31,2,5
528,27.628542,6.145222,G,1564.916631,0.00522,,127,2,82,31,17,8,,5,18,14,3
529,27.695125,32.546694,G,11333.953667,0.037806,,39,1,39,14,11,7,,3,10,1,3
530,27.699583,35.93275,G,4867.130556,0.016235,,58,,54,12,10,7,,1,7,1,
531,27.673833,21.759917,G,2666.054329,0.008893,,160,4,67,30,18,10,,15,39,10,4
532,27.721667,18.302778,G,5166.023636,0.017232,,29,,37,14,9,4,,3,11,,3
533,27.682,-12.035667,G,5505.088906,0.018363,,47,,42,12,11,5,,12,15,1,3
534,27.785667,21.912806,G,2941.86339,0.009813,,96,4,68,28,20,8,,11,42,7,3
535,27.82825,34.872861,G,5047.905408,0.016838,,28,,41,9,6,4,,,,1,1
536,27.823167,34.848694,G,4689.053836,0.015641,,41,1,36,10,10,7,,5,13,1,2
537,27.766,-9.702611,G,1829.933164,0.006104,,190,5,59,17,20,7,,35,46,18,5
538,27.823208,22.357972,G,3089.960865,0.010307,,137,5,74,21,14,8,1,19,38,7,6
539,27.871458,36.065944,G,5309.924016,0.017712,,92,1,74,22,19,8,,13,18,1,3
540,27.782918,-9.792037,G,12901.037797,0.043033,SPEC,52,3,71,15,13,13,,1,8,7,2
541,27.868208,-6.516611,G,2129.126037,0.007102,,36,1,19,15,8,3,,6,7,3,2
542,28.002,35.639083,G,4958.867048,0.016541,,17,,40,12,6,4,,2,3,1,3
543,28.0115,36.131028,G,6056.107444,0.020201,,31,,48,11,5,4,,1,8,1,2
544,27.980417,8.831389,G,5371.081678,0.017916,,22,,34,12,6,4,,3,8,,2
545,28.090625,35.796194,G,4099.062278,0.013673,,49,1,46,15,8,7,,,5,1,1
546,27.979792,-24.316639,G,9105.896119,0.030374,,25,,41,13,8,17,,4,4,3,1
547,28.239417,36.512889,G,5020.024469,0.016745,,61,1,62,13,12,8,,4,15,2,1
548,28.204167,-3.446833,G,5002.936539,0.016688,,110,2,103,29,23,5,,20,20,3,6
549,28.248671,12.708469,G,4558.943909,0.015207,,99,1,80,24,17,10,,13,25,9,4
550,28.136792,-35.839667,G,9874.863774,0.032939,,13,,31,8,6,13,2,3,4,2,1
551,28.345667,36.955139,G,5253.862976,0.017525,,49,2,47,15,12,6,,1,5,2,2
552,28.373542,36.221306,G,4324.2,0.014424,,68,,60,15,15,7,,,5,1,
553,28.1935,-48.891222,G,6194.011975,0.020661,,21,1,47,10,7,17,,,4,3,1
554,28.472509,36.585084,G,5743.124118,0.019157,,36,3,34,10,7,3,,2,15,,2
555,28.461167,36.564194,G,5743.124118,0.019157,,37,1,41,11,6,4,,1,8,1,2
556,28.479625,36.229417,G,5184.011184,0.017292,,50,,58,14,7,8,,,4,1,
557,28.515322,14.909537,G,5091.974899,0.016985,,38,,50,12,12,11,,3,9,9,4
558,28.5825,36.629806,G,5112.960371,0.017055,,65,1,58,13,12,7,,10,18,1,3
559,28.556292,18.101778,G,4930.986349,0.016448,,33,1,46,15,10,6,,3,11,1,3
560,28.601695,13.541129,G,6229.387665,0.020779,,26,,31,9,7,9,1,,4,6,
561,28.630076,17.674247,G,6887.132138,0.022973,,27,,15,9,9,4,1,3,8,,3
562,28.689417,39.383528,G,5597.125191,0.01867,,59,1,59,16,14,8,,11,16,2,2
563,28.64375,16.866667,G,5115.958296,0.017065,,20,,23,8,7,5,1,3,11,,2
564,28.600167,5.421889,G,4946.875349,0.016501,,23,1,39,11,8,6,,4,7,1,1
565,28.657167,17.0758,G,4764.00195,0.015891,,21,,24,10,7,3,1,7,15,,2
566,28.724125,36.917944,G,5621.108588,0.01875,,149,4,126,33,22,7,,6,11,7,3
567,28.740208,37.343,G,4600.914853,0.015347,,30,2,34,11,7,3,,2,5,1,1
568,28.74475,35.422806,G,4647.082891,0.015501,,48,1,38,15,9,3,,3,4,1,5
569,28.757833,36.919917,G,5621.108588,0.01875,,41,,56,14,7,4,,1,8,1,4
570,28.670833,6.034917,G,5240.971751,0.017482,,25,1,37,11,8,6,,4,8,1,2
571,28.795,36.260722,G,4540.056984,0.015144,,47,2,51,14,9,7,,1,14,1,3
572,28.80825,35.458556,G,5703.851306,0.019026,,31,,48,11,6,2,,1,8,1,3
573,28.838458,36.306917,G,4367.976113,0.01457,,42,1,43,10,9,5,,1,5,1,2
574,28.592208,-49.260583,G,5932.892744,0.01979,,15,,46,10,9,15,,3,4,3,1
575,28.778833,5.373583,G,5506.887661,0.018369,,22,,37,11,8,3,,3,5,1,3
576,28.816,10.013667,G,5901.114743,0.019684,,58,,51,16,12,6,,11,19,1,3
577,28.841829,6.611847,G,5163.925089,0.017225,,170,11,76,20,16,7,,5,15,5,5
578,29.013542,17.532056,G,8201.122481,0.027356,,16,,23,9,7,2,,3,6,1,3
579,29.036917,17.641278,G,11345.045988,0.037843,,25,,46,15,10,7,,3,9,1,3
580,29.099208,37.215861,G,4472.903473,0.01492,,43,2,69,11,10,9,,9,19,2,1
581,29.087875,37.452194,G,4966.961444,0.016568,,43,1,44,12,9,5,,6,14,1,1
582,29.063476,13.165849,G,7663.894396,0.025564,,38,,83,14,11,14,,3,9,10,3
583,29.046244,6.744941,G,5085.079673,0.016962,,42,,44,18,11,7,,3,6,1,3
584,29.070625,4.647139,G,4975.055841,0.016595,,47,,47,16,13,6,,8,16,1,4
585,29.182833,36.384528,G,4796.079743,0.015998,,50,,43,11,9,7,,,5,1,
586,29.191917,36.886389,G,5470.013189,0.018246,,59,1,53,11,11,7,,8,16,1,1
587,29.0945,-9.061417,G,1638.965368,0.005467,,110,1,64,25,17,7,,23,32,10,6
588,29.178708,17.710722,G,11429.887254,0.038126,,24,,29,11,9,3,,7,15,,3
589,29.181375,15.014806,G,4672.865043,0.015587,,36,2,54,18,13,7,,3,8,1,6
590,29.228625,33.015167,G,4599.116098,0.015341,,51,4,47,16,7,6,,9,19,1,3
591,29.2225,-2.018972,G,4442.924228,0.01482,,46,1,50,15,9,6,,11,19,1,2
592,29.290775,14.54988,G,7925.913005,0.026438,,66,1,91,23,19,15,,4,8,10,6
593,29.272233,-0.46826,G,6692.866625,0.022325,,49,1,52,18,15,6,,6,10,7,3
594,29.412167,36.255361,G,4540.056984,0.015144,,35,1,40,9,6,7,,,2,1,1
595,29.185375,-43.972583,G,5739.826401,0.019146,,50,2,48,13,10,19,,14,20,4,2
596,29.425833,35.916111,G,4858.136782,0.016205,,229,8,74,23,22,8,,21,52,15,5
597,29.335622,4.348465,G,4847.943838,0.016171,,21,,23,10,6,1,,3,6,,3
598,29.499583,4.395056,G,4764.901178,0.015894,,38,1,47,15,13,7,,3,8,1,3
599,29.535667,2.0645,G,6288.146807,0.020975,,61,1,59,17,9,7,,4,12,4,4
600,29.452667,-33.239806,G,5648.989286,0.018843,,44,1,54,14,14,18,,11,17,4,3
601,29.625167,25.360111,G,4915.097349,0.016395,,78,3,59,17,15,7,,11,24,5,4
602,29.502375,-35.572583,G,9918.933265,0.033086,,21,,44,11,6,16,2,3,4,4,
603,29.494792,-38.019444,G,11110.908078,0.037062,,21,1,45,13,8,18,,3,6,3,1
604,29.728625,36.674694,G,4838.050687,0.016138,,78,1,64,16,17,8,,4,15,1,2
605,29.777833,36.063,G,5469.113811,0.018243,,63,,56,13,10,6,,13,24,1,3
606,29.553542,-39.54475,G,5532.070227,0.018453,,43,1,47,11,10,18,,12,14,3,1
607,29.789375,25.385722,G,5059.897106,0.016878,,32,1,39,13,10,6,,3,15,1,4
608,29.815542,24.416611,G,3914.989709,0.013059,,37,2,46,14,10,2,,2,6,1,5
609,29.716375,-8.16225,G,4787.085969,0.015968,,46,2,38,13,8,4,,3,11,9,2
610,29.87902,13.943774,G,4609.908627,0.015377,,49,1,84,18,14,15,,3,11,10,5
611,29.980375,24.312222,G,5089.876352,0.016978,,30,,51,13,10,4,,4,7,1,4
612,30.062333,24.252778,G,4844.945914,0.016161,,41,1,49,15,10,6,,,8,1,3
613,30.079417,24.473694,G,4927.988425,0.016438,,73,2,64,21,15,6,,12,18,1,3
614,30.097375,24.580556,G,5064.993578,0.016895,,55,1,49,19,14,7,,3,15,1,3
615,30.042165,-35.410944,G,10451.964256,0.034864,,10,,15,6,3,13,2,3,4,2,
616,30.2455,8.311167,G,4713.037232,0.015721,,42,1,49,18,13,7,,9,12,1,3
617,30.300792,19.67525,G,2433.115589,0.008116,,42,1,40,16,9,6,,10,11,3,2
618,30.228833,-31.919778,G,5482.904264,0.018289,,20,,37,10,9,15,,4,4,3,2
619,30.276864,-6.815517,G,4078.076806,0.013603,,235,10,131,38,27,7,,,15,12,3
620,30.310625,-34.363028,G,4805.073517,0.016028,,20,,28,8,6,14,2,3,4,2,1
621,30.549358,-0.130432,G,5926.896895,0.01977,,63,1,93,21,16,16,,,12,7,3
622,30.550125,-28.657444,G,5001.137784,0.016682,,43,1,46,11,12,19,,13,16,3,3
623,30.9015,48.45525,G,7431.855034,0.02479,,25,1,17,8,5,7,,8,11,1,2
624,30.728792,7.523861,G,7588.946282,0.025314,,32,,40,15,11,6,,3,8,1,3
625,30.498708,-58.570778,G,6381.082469,0.021285,,34,2,43,12,9,17,,13,15,3,1
626,30.77175,2.61425,G,6387.078318,0.021305,,36,,40,16,10,7,,12,18,1,2
627,30.936792,38.258722,G,5767.107515,0.019237,,178,1,74,18,17,8,,13,26,1,4
628,30.921083,26.276917,G,5014.02886,0.016725,,39,2,47,15,12,5,1,3,7,1,5
629,30.904208,15.746861,G,7975.078968,0.026602,,23,,41,11,10,4,,4,6,1,4
630,30.898042,4.785722,G,4755.008176,0.015861,,23,,40,13,9,6,,3,8,1,3
631,30.93625,16.030972,G,2100.945489,0.007008,,104,2,80,25,19,8,,31,41,8,5
632,31.020542,2.786833,G,6316.027505,0.021068,,47,1,52,20,13,7,,4,7,2,4
633,30.985833,-23.311611,G,4963.96352,0.016558,,53,2,49,15,6,19,,7,10,3,
634,31.231292,43.155,G,9020.755061,0.03009,SPEC,27,1,45,13,9,5,,9,8,1,1
635,30.955875,-52.447694,G,6309.132279,0.021045,,12,1,41,11,4,15,,3,4,3,
636,31.313792,37.63375,G,5187.009108,0.017302,,15,1,33,8,5,5,,2,7,1,1
637,31.312417,30.004833,G,5234.076524,0.017459,,26,,29,11,10,3,,7,16,,3
638,31.361,31.175333,G,5270.950997,0.017582,,85,1,57,14,16,9,,7,22,7,5
639,31.3905,34.880944,G,4415.043529,0.014727,,51,1,58,22,16,7,,5,13,1,3
640,31.308292,9.92525,G,7761.027153,0.025888,,37,,46,17,11,7,,4,6,1,3
641,31.3615,13.327083,G,7528.088413,0.025111,,24,1,8,9,7,5,1,3,8,9,2
642,31.337458,8.526139,G,5756.914571,0.019203,,14,,38,11,7,2,,3,4,1,3
643,30.636917,-79.670389,G,4605.111947,0.015361,,38,2,47,10,5,17,,15,21,3,1
644,31.513,9.295556,G,9242.901273,0.030831,,46,1,49,17,14,7,,9,14,1,2
645,31.653375,1.515694,G,6816.081325,0.022736,,26,,51,16,8,6,,8,13,1,2
646,31.784625,42.965722,G,5591.129342,0.01865,,28,,44,14,9,6,,4,8,1,2
647,31.568208,-41.523083,G,5379.176074,0.017943,,37,1,48,11,11,18,,9,15,3,2
648,31.652375,-31.777833,G,10653.124995,0.035535,,23,,16,8,9,17,2,3,6,2,1
649,31.801042,8.978028,G,8023.045761,0.026762,,14,1,36,11,7,5,,3,7,1,2
650,31.586583,-52.028083,G,5881.928026,0.01962,,27,1,38,10,5,17,,14,15,3,
651,31.869417,9.168306,G,9099.90027,0.030354,,36,1,54,18,10,6,,4,7,1,2
652,31.4295,-71.115472,G,8143.862122,0.027165,,26,2,46,11,7,17,,4,9,3,
653,32.12875,18.995333,G,5202.898109,0.017355,,22,,56,15,8,4,,4,7,1,3
654,32.238694,47.219905,G,4978.053765,0.016605,,31,1,45,13,7,7,,,8,1,1
655,32.104082,14.349556,G,4418.041454,0.014737,,97,,97,30,23,15,,11,16,8,4
656,32.1855,38.777194,G,4243.861975,0.014156,,92,2,60,18,16,8,,15,27,9,4
657,32.115583,6.394917,G,3516.565532,0.01173,,72,1,40,26,20,7,,3,11,1,2
658,32.134833,6.323722,G,3396.048964,0.011328,,65,2,44,20,17,7,,10,17,1,5
659,32.086625,-24.547639,G,9634.13043,0.032136,,23,,40,9,7,17,,3,3,3,1
660,32.234417,7.971472,G,3464.101852,0.011555,,58,,44,18,16,7,,7,16,1,3
661,32.26,6.159167,G,3319.002303,0.011071,,17,,22,11,6,1,,3,5,,2
662,31.927708,-65.928028,G,8076.109026,0.026939,,15,,41,11,5,15,,3,4,3,
663,32.4855,38.178389,G,5548.858605,0.018509,,22,,41,12,7,2,,3,3,1,2
664,32.325333,-23.415083,G,5333.907413,0.017792,,83,1,65,16,13,19,,17,27,3,5
665,32.36785,-9.680325,G,1930.963222,0.006441,,77,1,39,20,16,5,,15,18,9,5
666,32.487,16.032722,G,8238.896331,0.027482,,46,1,48,20,13,7,,3,9,1,4
667,32.576917,38.593528,G,7239.987861,0.02415,,23,,36,12,7,7,,7,11,1,2
668,32.474917,10.961083,G,4578.130626,0.015271,,24,,44,16,8,4,,3,5,1,3
669,32.231083,-56.737056,G,6418.856318,0.021411,,26,2,51,10,6,17,,9,15,3,1
670,32.537083,7.645861,G,3435.021984,0.011458,,37,,52,19,10,7,,3,11,1,2
671,32.567539,7.845311,G,7269.967107,0.02425,,54,1,52,17,13,8,,14,25,1,3
672,32.560166,-9.711039,G,2005.011959,0.006688,,49,2,34,13,9,8,1,7,10,8,4
673,32.525542,-32.939861,G,3348.082171,0.011168,,65,3,66,18,17,20,,14,27,4,3
674,32.567708,-22.4315,G,5580.037021,0.018613,,28,2,41,13,8,18,,3,6,3,1
675,32.749583,32.730611,G,11801.030317,0.039364,,21,,25,12,5,5,,1,6,1,3
676,32.749,37.823861,G,4362.879641,0.014553,,44,2,41,14,11,6,,5,11,1,2
677,32.755375,37.666278,G,4593.120099,0.015321,,94,5,64,21,14,7,,11,21,3,2
678,32.79875,38.757806,G,7210.008615,0.02405,,20,,22,10,6,6,,4,7,1,2
679,32.822333,37.497167,G,4544.853663,0.01516,,88,4,59,18,15,8,,13,27,2,3
680,32.761333,17.199583,G,4311.914923,0.014383,,21,,34,10,7,3,,4,7,1,3
681,32.665292,-22.652306,G,5223.883581,0.017425,,33,1,38,15,7,15,,14,15,3,3
682,32.662108,-40.918076,G,1415.020426,0.00472,,37,1,21,9,6,17,,6,13,4,2
683,32.894875,31.509861,G,4984.049614,0.016625,,39,1,43,15,10,6,,6,16,1,3
684,32.855333,15.898806,G,7809.893323,0.026051,,21,1,40,11,9,5,,8,16,1,3
685,32.727708,-39.365861,G,5225.982128,0.017432,,46,2,54,14,10,18,,10,12,3,1
686,32.989208,29.313889,G,4912.998802,0.016388,,30,,47,12,9,5,,8,12,1,3
687,32.93325,-6.490361,G,5038.012257,0.016805,,31,2,51,15,10,5,,7,11,1,4
688,33.082458,37.477333,G,4433.031076,0.014787,,51,1,47,15,9,7,,7,13,2,3
689,32.878125,-35.835111,G,6220.093919,0.020748,,46,1,46,13,12,19,1,13,17,3,2
690,32.943542,-18.266083,G,5022.123256,0.016752,,24,2,41,12,10,19,,3,10,3,1
691,32.942516,-19.922887,G,4337.09749,0.014467,,23,2,14,8,4,14,1,4,4,2,
692,32.984708,-20.376111,G,9299.86184,0.031021,,25,,47,14,7,17,,7,7,3,1
693,32.671625,-75.037694,G,8133.069593,0.027129,,43,1,52,11,7,17,,10,9,3,1
694,33.297042,9.511028,G,8211.91501,0.027392,,17,1,39,11,7,5,,3,7,1,2
695,33.22775,-19.316889,G,2454.101061,0.008186,,65,2,54,19,13,18,,17,16,5,2
696,33.39125,25.8555,G,4788.884724,0.015974,,69,2,52,16,12,6,,12,20,1,4
697,33.362333,9.611167,G,13604.281952,0.045379,PHOT,5,,31,6,1,3,,,1,1,
698,33.409409,16.593951,G,11094.119701,0.037006,,19,,36,12,7,2,1,3,6,,3
699,33.358372,-18.833289,G,10428.880236,0.034787,,19,,44,11,7,17,,3,4,3,1
700,33.453625,16.796944,G,10803.021224,0.036035,,19,1,11,8,6,5,1,3,9,,2
701,33.517833,16.455889,G,8213.114179,0.027396,,49,,39,14,13,9,,7,15,6,3
702,33.71075,31.470583,G,5275.148091,0.017596,,48,1,55,20,14,6,,10,15,1,3
703,33.60775,-7.368472,G,5005.035146,0.016695,,46,,41,15,9,6,,8,10,5,2
704,33.837667,49.844167,G,12122.108039,0.040435,,17,,29,5,1,5,,,4,1,
705,33.553708,-31.149333,G,3688.946196,0.012305,,29,1,37,9,9,18,,9,13,3,3
706,33.7675,32.724861,G,4445.022775,0.014827,,28,1,39,10,8,7,,6,14,1,2
707,33.649417,-7.310111,G,12685.117766,0.042313,,17,,43,12,7,4,,4,2,1,1
708,33.299083,-70.913083,G,7999.961742,0.026685,,29,2,42,11,4,17,,16,17,3,
709,33.835917,22.006111,G,4418.041454,0.014737,,47,,53,15,8,6,,12,22,1,3
710,33.738625,-20.211778,G,1608.386537,0.005365,,52,3,33,13,11,17,,9,20,4,4
711,33.975583,42.823889,G,5685.863758,0.018966,,28,1,41,12,9,6,,4,11,1,2
712,33.933708,25.206583,G,5085.079673,0.016962,,31,1,50,16,11,6,,7,13,1,3
713,33.855125,-17.781056,G,4314.912848,0.014393,,44,1,46,14,12,18,,13,17,3,2
714,34.053292,32.6495,G,4817.065215,0.016068,,59,4,49,18,12,6,,10,20,1,2
715,34.062958,28.599722,G,2994.926655,0.00999,,68,1,48,21,16,6,,17,20,4,3
716,33.958167,-31.201,G,3521.362212,0.011746,,65,3,58,12,13,20,,14,23,4,4
717,34.0435,-11.926722,G,1889.891655,0.006304,,66,,43,20,12,5,,14,13,3,3
718,34.294708,14.547833,G,3739.910914,0.012475,,91,3,71,24,15,6,,12,42,5,5
719,34.472129,14.521266,G,3894.004237,0.012989,,71,3,74,24,9,7,,6,18,2,4
720,34.4985,14.544056,G,3915.889086,0.013062,,196,6,137,37,18,8,,12,68,12,11
721,34.478917,-34.80325,G,6280.951788,0.020951,,33,2,23,9,8,16,2,3,11,3,3
722,34.683958,30.502333,G,4725.928308,0.015764,,27,,27,9,7,3,,7,15,,3
723,34.510542,-27.818306,G,4910.000877,0.016378,,18,1,39,11,8,16,,4,6,3,3
724,34.7325,15.156944,G,3786.978329,0.012632,,20,,7,7,7,,,3,5,,4
725,34.688625,-6.639083,G,5253.862826,0.017525,,54,2,58,19,11,7,,8,13,4,4
726,34.645917,-25.756611,G,10722.07726,0.035765,,21,,41,13,9,17,,3,4,3,2
727,34.737917,4.815,G,5801.88344,0.019353,,19,,18,8,6,3,,3,8,,2
728,34.813669,-18.93225,G,1608.086745,0.005364,,49,1,37,14,10,16,,13,18,4,3
729,34.969667,29.03625,G,4984.948992,0.016628,,54,1,43,17,12,9,,12,18,8,3
730,34.871304,-21.435918,G,1596.095046,0.005324,,45,,19,13,8,14,2,15,12,4,
731,34.885875,-16.069722,G,4311.914923,0.014383,,38,,42,12,11,6,,7,14,1,4
732,35.083083,8.03825,G,7183.926671,0.023963,,18,1,36,10,8,7,,3,7,1,2
733,35.025458,-19.750722,G,2335.982833,0.007792,,72,3,57,19,18,18,,16,22,5,4
734,34.483875,-76.08125,G,8271.873501,0.027592,,25,1,50,10,6,17,,2,6,3,
735,34.994083,-41.403139,G,6069.897897,0.020247,,45,2,49,15,10,19,,9,13,3,1
736,35.326958,13.718,G,7835.07589,0.026135,,21,,37,13,7,7,,3,8,1,2
737,35.355125,25.422833,G,4525.966738,0.015097,,40,,48,16,11,6,,11,18,1,3
738,35.064917,-58.708222,G,8982.081834,0.029961,,15,,47,11,4,15,,3,4,3,
739,35.4435,33.020833,G,3947.067502,0.013166,,38,,49,16,10,6,,15,21,1,2
740,35.37925,14.198861,G,3744.108008,0.012489,,55,1,42,18,15,6,,12,20,1,5
741,35.452083,16.874667,G,3965.954427,0.013229,,40,,41,15,10,6,,10,18,1,2
742,35.552125,28.73475,G,4790.083894,0.015978,,33,1,46,16,13,6,,7,13,1,3
743,35.639224,42.349146,G,527.934519,0.001761,,875,26,114,52,22,8,1,30,51,82,16
744,35.670417,28.256972,G,5086.878427,0.016968,,66,1,49,19,14,7,,17,22,3,3
745,35.26449,-63.624516,G,5866.938403,0.01957,,12,,34,7,1,17,,1,4,3,
746,35.49575,-37.454944,G,4895.910632,0.016331,,36,1,52,13,12,19,,9,11,3,1
747,35.88275,25.465083,G,11291.982723,0.037666,,21,,39,11,9,2,,3,5,1,4
748,35.757958,-20.712056,G,1668.045236,0.005564,,73,4,41,20,13,17,,14,23,5,3
749,35.769042,-21.233861,G,1504.7,0.005019,SPEC,223,8,98,23,17,20,,29,47,15,6
750,35.966417,25.542056,G,5112.960371,0.017055,,31,,43,12,10,6,,2,8,1,5
751,35.981583,27.492806,G,10705.888468,0.035711,,39,1,47,15,12,7,,11,17,1,3
752,36.175625,25.561083,G,9647.920883,0.032182,,35,1,48,15,12,7,,12,17,1,4
753,36.103375,-2.162361,G,1382.942609,0.004613,,79,1,53,24,18,6,,15,27,3,3
754,36.31492,45.451259,G,5192.10558,0.017319,,38,1,15,14,10,3,1,9,14,,2
755,36.16925,-19.142028,G,10111.999608,0.03373,,77,3,33,16,12,18,,5,10,7,1
756,36.410153,23.000809,G,4195.895242,0.013996,,23,,42,13,7,6,,3,7,1,3
757,36.521583,42.144083,G,5535.967529,0.018466,,49,1,50,16,15,7,,10,15,2,2
758,36.461825,18.49625,G,1508.855441,0.005033,,163,3,88,26,20,8,,26,40,9,4
759,36.368083,-25.637917,G,4846.145084,0.016165,,43,1,49,15,14,19,,9,15,4,4
760,36.606917,22.995944,G,10189.945647,0.03399,,28,1,39,12,8,5,,12,18,1,2
761,36.527958,-0.331932,G,6388.842596,0.021311,SPEC,79,1,108,33,27,15,,7,19,7,4
762,36.734917,20.533,G,4215.081959,0.01406,,24,,36,12,8,6,,3,9,1,3
763,36.63925,-15.847528,G,6885.932968,0.022969,,28,,36,11,8,6,,3,9,1,4
764,36.820333,33.579167,G,553.117085,0.001845,,701,15,145,56,27,8,,55,87,115,16
765,36.772375,-19.094556,G,9963.002757,0.033233,,20,1,41,12,8,15,,5,6,3,1
766,36.886542,-10.165639,G,2096.148866,0.006992,,91,3,47,20,19,5,,15,17,3,4
767,37.060317,31.311658,G,4989.146086,0.016642,,397,10,206,44,38,7,,14,21,13,8
768,37.092208,23.214667,G,6400.868771,0.021351,,61,,56,20,13,7,,14,21,4,2
769,37.113708,15.607083,G,4079.875561,0.013609,,26,,36,12,9,5,,7,14,1,4
770,37.344917,47.490528,G,5299.131488,0.017676,,25,,40,13,7,5,,2,8,1,1
771,37.226208,25.344306,G,5210.992505,0.017382,,32,2,46,16,11,7,,7,12,1,4
772,37.245125,28.145528,G,1015.097263,0.003386,,38,1,35,15,9,3,,5,14,,3
773,37.137678,-18.982092,G,4946.875349,0.016501,,18,2,10,6,3,15,1,4,5,2,
774,37.138,-19.042111,G,4951.971821,0.016518,,56,4,57,15,15,20,,14,23,3,4
775,37.021917,-47.856222,G,5502.990359,0.018356,,16,,41,9,6,15,,4,4,3,1
776,37.189458,-10.513889,G,4486.993719,0.014967,,32,4,35,11,9,6,,,8,1,3
777,37.359292,20.21725,G,4158.121392,0.01387,,35,1,42,13,7,6,,7,13,1,2
778,37.215125,-41.402667,G,5347.098281,0.017836,,42,1,48,12,9,20,,13,17,3,2
779,37.279708,-30.997028,G,4942.678255,0.016487,,31,2,44,11,12,18,,9,12,3,1
780,37.475167,25.256361,G,1912.975674,0.006381,,69,,58,24,16,7,,20,27,3,5
781,37.640292,32.176222,G,4773.895101,0.015924,,53,,59,21,12,7,,14,17,1,3
782,37.702708,37.136778,G,608.878512,0.002031,,174,7,73,24,16,7,,15,32,11,1
783,37.597337,-20.683723,G,4846.145084,0.016165,,16,1,10,6,3,13,1,3,4,2,
784,37.715,3.852222,GPair,6465.024357,0.021565,,19,,23,10,7,2,,2,4,,3
785,37.650917,-31.596194,G,4612.007174,0.015384,,39,1,20,9,11,17,2,10,12,2,4
786,37.859,1.346278,G,7293.950503,0.02433,,50,1,58,20,14,7,,8,15,1,2
787,37.969167,19.153056,G,971.927149,0.003242,,49,,29,19,15,5,1,11,18,2,4
788,37.998238,0.909985,G,6546.567905,0.021837,SPEC,55,1,98,26,20,15,,3,8,7,4
789,38.22425,23.327611,G,5559.051549,0.018543,,35,,44,12,10,6,,13,21,1,2
790,38.072958,-35.030222,G,2016.10428,0.006725,,59,1,53,14,10,19,,10,17,6,2
791,38.32575,22.393833,G,5428.941622,0.018109,,43,1,50,18,12,7,,11,18,1,2
792,38.40525,32.537333,G,9673.10345,0.032266,,17,,41,9,6,4,,3,6,1,3
793,38.176585,-33.002707,G,10666.915448,0.035581,,14,,18,6,5,13,3,3,4,2,
794,38.316164,-11.7449,G,4465.108869,0.014894,,23,,27,10,7,6,,3,9,1,3
795,38.379389,6.527797,G,8193.927462,0.027332,,21,,38,12,9,2,,3,4,1,4
796,38.411333,6.473306,G,8330.932615,0.027789,,28,1,40,13,8,7,,4,6,1,2
797,38.484566,0.923684,G,6578.175924,0.021942,SPEC,42,,85,18,14,15,,3,8,7,3
798,38.583792,32.505611,G,4855.138857,0.016195,,131,3,104,42,26,7,,19,25,2,5
799,38.602125,-10.843722,G,4758.905478,0.015874,,77,,46,14,13,6,1,16,19,1,6
800,38.792125,20.851472,G,4265.1473,0.014227,,55,1,55,16,12,11,,7,16,7,4
801,38.724333,-13.658306,G,4764.901327,0.015894,,40,,42,13,10,6,,7,14,1,4
802,38.931,11.465556,G,7853.063437,0.026195,,16,1,32,7,5,5,,2,7,1,1
803,39.040417,23.899119,G,5649.888663,0.018846,,45,1,25,13,13,5,1,9,22,,3
804,39.067292,25.423833,G,708.109786,0.002362,,124,5,69,27,21,6,,18,33,24,6
805,39.004019,0.42021,G,2613.890441,0.008719,,77,1,79,22,20,16,,6,16,18,6
806,39.126125,32.715333,G,4695.949062,0.015664,,43,,46,16,10,6,,12,19,1,2
807,39.027875,1.553639,G,6781.005608,0.022619,,30,1,38,12,9,6,,2,8,1,2
808,39.098417,0.708528,G,6584.94134,0.021965,,71,1,62,26,25,10,,3,9,7,5
809,39.13175,7.3095,G,6122.061785,0.020421,,57,3,48,18,12,6,,10,17,2,3
810,39.231833,11.086972,G,7907.02608,0.026375,,18,,38,9,7,7,,2,7,1,1
811,39.244333,-5.349222,G,4421.938756,0.01475,,58,,41,15,7,5,,9,9,1,2
812,39.237917,-29.190639,G,4942.978048,0.016488,,20,,42,12,10,19,,3,5,3,2
813,39.351,-1.821472,G,8604.043455,0.0287,,20,1,45,12,8,3,,3,3,1,2
814,39.38725,1.652,G,7260.073955,0.024217,,21,,38,12,9,3,,2,4,1,3
815,39.494525,-1.844049,G,8527.89626,0.028446,,44,2,47,16,10,7,,8,10,1,3
816,39.402458,-32.924444,G,4552.94806,0.015187,,44,1,56,11,16,18,,13,21,3,6
817,39.715867,27.847294,G,4587.1244,0.015301,,71,1,52,23,17,7,,19,21,2,5
818,39.795958,41.245639,G,4463.9097,0.01489,,26,1,39,10,7,6,,3,10,1,2
819,39.820375,40.872306,G,623.868105,0.002081,,205,9,81,23,13,7,,27,43,15,5
820,39.731792,9.097361,G,5124.95207,0.017095,,59,1,55,19,15,5,,8,15,1,4
821,39.727667,-14.305556,G,4558.044621,0.015204,,25,1,32,10,5,3,,1,2,1,2
822,39.86875,12.679722,G,3553.140212,0.011852,,23,1,6,7,6,5,1,3,6,,1
823,39.850667,1.962389,G,6652.994228,0.022192,,21,,34,13,10,3,,2,3,1,4
824,39.904792,10.843667,G,8598.047695,0.02868,,31,,38,11,9,3,,3,7,1,3
825,39.960833,18.024278,G,8547.982355,0.028513,,50,2,50,18,14,7,,7,18,1,3
826,40.058,17.882556,G,8610.938771,0.028723,,26,,41,13,10,4,,3,6,1,4
827,39.927083,-21.239944,G,4560.143079,0.015211,,26,,36,12,6,14,1,3,6,2,2
828,40.230292,8.595778,G,5428.042245,0.018106,,43,,52,18,13,6,,3,9,1,3
829,40.479458,32.088222,G,4561.042456,0.015214,,34,,27,13,10,5,,11,15,1,3
830,40.438458,0.443167,G,995.910545,0.003322,,321,10,104,35,24,8,,24,42,24,6
831,40.475917,5.948056,G,6363.994298,0.021228,,37,,51,18,11,5,,6,12,1,4
832,40.551947,-19.829718,G,7860.858041,0.026221,,16,,18,8,3,14,1,3,4,2,
833,40.797167,40.42675,G,4352.98649,0.01452,,46,1,42,14,11,7,,12,18,2,1
834,40.757458,8.130222,G,11447.874801,0.038186,,14,,42,12,7,2,,3,4,1,3
835,40.874989,37.341338,G,520.139915,0.001735,,484,10,105,33,19,7,,15,61,20,10
836,40.858167,31.470889,G,5100.069295,0.017012,,41,,42,12,7,9,,7,15,6,3
837,40.934021,32.495925,G,4129.940901,0.013776,,49,2,54,19,10,6,,15,22,4,2
838,40.978667,33.168444,G,5484.103434,0.018293,,28,,42,14,9,7,,7,14,1,2
839,40.826651,-23.840936,G,6822.077174,0.022756,,14,,10,6,4,13,1,3,4,2,
840,40.954583,6.642917,G,6110.969464,0.020384,,31,1,37,16,11,5,,7,14,1,2
841,40.93475,-29.003361,G,1451.894874,0.004843,,151,9,96,20,12,19,,4,34,8,3
842,41.248458,38.561861,G,13694.219689,0.045679,PHOT,7,,28,5,1,5,,,3,1,
843,41.178792,15.240083,G,7514.897545,0.025067,,33,,38,14,11,7,,7,12,1,4
844,41.309208,35.188694,G,4981.05169,0.016615,,35,1,38,13,11,5,,12,18,2,3
845,41.291417,-4.710778,G,7844.969041,0.026168,,43,,46,11,6,6,,5,8,1,1
846,41.273,-15.587806,G,3998.931537,0.013339,,38,,46,15,10,6,,7,14,1,3
847,41.325083,-17.708361,G,7552.071809,0.025191,,64,3,52,15,14,20,,13,15,5,1
848,41.419167,-15.357778,G,4057.990622,0.013536,,44,1,26,8,4,5,,1,2,1,3
849,41.446083,-15.510667,G,7883.042893,0.026295,,17,,42,11,6,4,,3,2,1,1
850,41.648875,32.449278,G,4824.859819,0.016094,,42,1,42,14,6,6,,10,17,1,2
851,41.499616,-7.578467,G,1411.1231,0.004707,,437,9,135,28,21,11,1,26,52,31,8
852,41.74025,39.012639,G,9090.007119,0.030321,,24,1,36,11,4,7,,,3,1,1
853,41.605426,3.607288,G,6789.999381,0.022649,,115,1,49,19,18,7,,13,27,2,4
854,41.604852,-0.498649,G,1523,0.00508,,351,9,135,30,31,16,1,20,49,28,5
855,41.641401,-0.247158,G,2740.312021,0.009141,SPEC,188,5,88,26,24,12,,32,42,16,5
856,41.656792,-26.971944,G,7129.964029,0.023783,,35,1,45,15,7,17,,5,7,4,1
857,41.673667,-25.346667,G,10466.054501,0.034911,,31,3,47,14,8,18,,3,7,3,
858,41.72274,-22.64609,G,6917.111623,0.023073,,26,2,32,11,4,17,1,,7,2,
859,41.984875,41.246472,G,4040.902541,0.013479,,46,1,43,14,10,7,,4,14,2,2
860,41.90775,4.637639,G,6406.86462,0.021371,,48,,43,17,13,7,,4,11,2,2
861,42.121125,47.993083,G,7418.963958,0.024747,,16,1,34,10,4,7,,,3,1,
862,42.018167,27.103111,G,5649.888663,0.018846,,48,1,44,15,13,7,,12,18,1,3
863,42.168583,17.223639,G,6468.022281,0.021575,,28,2,45,15,11,6,,3,10,1,3
864,42.211657,-0.767391,G,6487.776506,0.021641,SPEC,69,1,107,27,23,15,,6,18,7,4
865,42.245167,3.168667,G,4156.022845,0.013863,,53,1,44,19,14,7,,7,13,1,2
866,42.116583,-40.554917,G,4820.962517,0.016081,,34,1,50,11,6,19,,14,17,4,3
867,42.169917,-31.536222,G,4998.13986,0.016672,,69,5,57,15,16,19,,14,23,3,6
868,42.196875,-36.714667,G,5136.04439,0.017132,,26,1,46,10,10,19,1,3,8,4,1
869,42.28,-16.993361,G,3467.999154,0.011568,,51,1,46,13,11,5,,13,19,1,4
870,42.412167,14.619806,G,9072.918949,0.030264,,28,,40,14,11,7,,3,6,1,4
871,42.518875,41.389278,G,5753.916646,0.019193,,29,1,35,11,11,5,,2,7,1,2
872,42.366452,-0.872991,G,7156.94535,0.023873,,75,,96,28,24,15,,2,11,7,3
873,42.266352,-31.172511,G,5863.041101,0.019557,,59,1,45,13,18,19,,10,13,3,3
874,42.458708,22.753639,G,5550.957152,0.018516,,26,,39,12,8,5,,1,8,1,2
875,42.471542,14.401806,G,8681.090206,0.028957,,16,,39,11,9,4,,3,4,1,4
876,42.397375,-0.72375,G,6562.584018,0.02189,SPEC,31,,54,12,12,6,,1,2,1,1
877,42.473328,-1.003631,G,7020.761628,0.023419,SPEC,56,,104,28,19,14,,7,7,7,3
878,42.406417,-30.995833,G,6584.94134,0.021965,,38,1,48,15,15,18,,9,13,3,4
879,42.60575,13.266222,G,8497.017637,0.028343,,20,,33,8,7,3,,3,4,1,2
880,42.648708,13.335056,G,7698.970114,0.025681,,27,1,39,11,9,7,,2,6,1,2
881,42.574042,-8.597083,G,5330.756294,0.017781,SPEC,71,,79,17,16,14,,18,23,10,6
882,42.799708,8.075778,G,6619.11768,0.022079,,25,1,43,12,8,7,,,10,1,3
883,42.648083,-31.520083,G,7145.853029,0.023836,,34,,55,18,10,19,,5,8,3,1
884,42.789167,2.593833,G,4501.983342,0.015017,,32,,47,16,10,6,,3,8,1,3
885,42.825625,-28.200694,G,5125.851447,0.017098,,40,1,43,12,11,18,,13,16,3,2
886,42.99499,-33.34018,G,6394.872922,0.021331,,48,1,25,10,9,17,2,18,24,4,4
887,43.113042,-30.776528,G,6769.013909,0.022579,,35,1,49,16,12,19,,3,6,3,2
888,43.42225,13.014139,G,3640.080025,0.012142,,119,3,84,16,9,7,,6,22,2,3
889,43.421487,6.265283,G,7379.990939,0.024617,,62,1,41,16,13,7,,11,19,3,2
890,43.459375,12.849222,G,3568.129835,0.011902,,78,1,49,14,9,10,,8,24,8,1
891,43.609292,42.650028,G,2163.002584,0.007215,,36,1,44,16,9,5,,8,15,2,2
892,43.372375,-30.860361,G,6348.105298,0.021175,,44,2,43,13,12,18,,13,14,3,2
893,43.514615,6.257668,G,7603.936025,0.025364,,61,1,54,12,11,7,,17,23,1,2
894,43.635333,9.451306,G,8176.839292,0.027275,,16,,42,12,8,2,,3,4,1,4
895,43.644667,15.84425,G,10618.948655,0.035421,,16,,36,8,7,3,,1,6,1,4
896,43.665917,9.356917,G,7520.893394,0.025087,,22,1,21,9,7,5,,7,15,1,2
897,43.639625,-18.635083,G,2062.871903,0.006881,,77,2,69,21,15,19,,21,25,5,5
898,43.794833,9.336861,G,8115.082046,0.027069,,15,,28,7,4,5,,,1,1,
899,43.821042,12.224667,G,7749.934832,0.025851,,20,,43,10,8,7,,2,8,1,1
900,43.733667,-21.898167,G,8636.121338,0.028807,,35,1,47,13,8,19,,9,10,3,
901,43.834083,8.828167,G,7996.06444,0.026672,,35,1,39,14,14,7,,7,12,1,3
902,43.943417,33.766628,G,1548.128253,0.005164,,44,1,40,22,14,5,,4,14,3,5
903,43.998333,38.116444,G,42706.035227,0.142452,PHOT,8,1,28,5,1,5,,,3,1,
904,43.945542,6.217528,G,7996.963817,0.026675,,42,,41,12,10,7,1,1,11,1,2
905,43.802015,-36.300167,G,1438.104421,0.004797,,43,,21,10,11,13,1,10,11,4,1
906,44.036398,15.79245,G,10172.857477,0.033933,,27,,39,8,9,7,,1,10,1,3
907,43.988583,0.692611,G,4155.881943,0.013863,SPEC,101,1,92,32,25,10,,7,14,10,6
908,43.953663,1.079369,G,5034.114955,0.016792,,45,,84,25,19,9,,11,14,7,4
909,43.99,6.494806,G,7696.871567,0.025674,,73,,52,15,11,7,,17,23,1,2
910,43.861729,-42.369222,G,5654.085758,0.01886,,13,1,12,7,3,13,1,3,4,2,
911,44.073333,4.529333,G,8262.879727,0.027562,,45,1,53,13,13,7,,11,17,1,2
912,44.094667,6.155222,G,7773.018851,0.025928,,48,1,54,12,11,5,,13,19,1,4
913,44.11304,0.875752,G,6867.046043,0.022906,,53,,91,26,19,15,,2,7,7,4
914,44.208167,15.984361,G,9879.960366,0.032956,,32,1,40,10,9,5,,5,12,1,3
915,44.195542,4.977833,G,7701.968038,0.025691,,36,,43,8,6,6,,4,11,1,1
916,44.281458,17.514278,G,6977.969252,0.023276,,40,,56,14,10,8,,8,16,2,3
917,44.288375,5.320917,G,7413.867486,0.02473,,39,,43,11,8,7,,4,11,1,1
918,44.514083,35.257694,G,4849.143008,0.016175,,40,,54,19,12,7,1,3,14,2,4
919,44.473417,15.743833,G,9053.132647,0.030198,,17,,36,12,8,3,,2,4,1,4
920,44.592042,3.86275,G,3053.086392,0.010184,,50,1,51,19,13,7,,13,22,1,3
921,44.59,-2.042528,G,2518.856232,0.008402,,53,,28,21,11,6,,7,9,4,3
922,44.623624,6.30643,G,6709.055418,0.022379,,69,1,60,14,16,7,,11,16,1,2
923,44.454833,-36.717917,G,6244.077315,0.020828,,54,2,67,17,17,20,,14,20,4,6
924,44.885375,37.009194,G,16621.992834,0.055445,,14,,32,7,4,5,,3,7,1,1
925,44.81204,16.038225,G,9072.019572,0.030261,,30,,39,10,12,7,,4,11,1,3
926,44.817077,6.133483,G,8214.912934,0.027402,,38,,42,15,13,2,,2,5,1,4
927,44.818208,7.305222,G,7620.124697,0.025418,,47,1,58,14,9,6,,18,22,1,2
928,45.094667,34.072444,G,6801.091702,0.022686,,24,1,42,14,9,7,,3,10,1,2
929,45.145833,11.842778,G,7784.111172,0.025965,,26,1,44,11,8,7,,1,7,1,1
930,45.092042,-17.152528,G,2281.120813,0.007609,,74,1,61,20,16,7,,23,25,3,6
931,45.064902,-22.290312,G,3003.920429,0.01002,,28,,16,8,7,13,,10,9,2,
932,45.167525,0.020461,G,2842.931879,0.009483,,43,,36,18,14,8,1,3,8,,2
933,44.5275,-74.456611,G,4805.373309,0.016029,,49,2,62,16,12,17,,13,14,4,1
934,45.403125,31.81925,G,6221.892673,0.020754,,27,,38,13,8,5,,3,8,1,3
935,46.016667,74.443889,G,2013.106355,0.006715,,21,,19,6,5,3,,1,9,,1
936,45.474333,35.733234,G,4874.92516,0.016261,,40,1,43,13,10,7,,2,12,1,4
937,45.500833,35.760278,GPair,13118.018585,0.043757,,9,1,2,2,1,3,,,2,,1
938,45.532083,29.106389,G,3116.942186,0.010397,,43,,26,18,12,7,,7,14,1,4
939,45.550917,17.345472,G,6933.899761,0.023129,,42,1,33,10,7,6,,3,13,4,2
940,45.894792,46.386361,G,2388.14672,0.007966,,126,5,55,20,15,8,,23,43,21,6
941,45.660333,-18.897778,G,1778.069068,0.005931,,112,5,74,21,14,19,,16,36,13,6
942,45.625833,-42.335278,G,11926.943149,0.039784,,10,,10,6,2,13,2,,3,3,
943,45.995792,43.398306,G,2741.901821,0.009146,,66,1,53,17,7,7,,13,25,2,
944,45.850542,4.491778,G,6018.933179,0.020077,,53,1,55,16,14,7,,17,20,1,2
945,45.877693,-20.176074,G,3322.000227,0.011081,,34,1,14,9,10,17,1,10,11,2,
946,46.073458,1.757639,G,7012.145593,0.02339,,27,1,43,12,8,6,,3,8,1,2
947,46.16325,5.442917,G,8411.876579,0.028059,,25,1,47,8,7,2,,2,7,1,2
948,46.231,21.376667,G,4212.084035,0.01405,,30,,39,13,9,5,,3,10,1,2
949,46.287588,1.093558,G,6947.385625,0.023174,SPEC,54,,83,22,19,14,,7,14,7,3
950,46.418667,33.394028,G,6229.98707,0.020781,,33,,40,15,8,7,,1,9,1,2
951,46.275917,-45.962083,G,1391.037005,0.00464,,41,1,36,10,8,17,,12,17,5,2
952,46.470625,-27.230778,G,6434.145734,0.021462,,24,1,45,14,8,17,,3,4,3,2
953,46.668467,-32.863634,G,4755.008176,0.015861,,27,1,54,14,9,17,,9,10,4,2
954,47.065333,36.449611,G,4022.015617,0.013416,,25,1,38,12,11,7,,3,13,1,2
955,46.804958,-31.400722,G,4751.110874,0.015848,,60,1,52,13,17,19,,10,17,4,4
956,46.955417,3.147889,G,7186.025218,0.02397,,31,,45,16,11,7,,2,7,1,4
957,46.629542,-66.775611,G,5520.977907,0.018416,,39,2,44,13,10,17,,14,15,4,
958,47.403833,18.500639,G,10729.871864,0.035791,,37,1,42,15,12,5,1,10,19,1,2
959,47.439625,-20.579306,G,1602.990273,0.005347,,293,7,90,20,14,18,,19,50,17,5
960,47.407777,-41.030468,G,955.138771,0.003186,,66,1,40,15,13,16,,19,28,13,2
961,47.582458,-22.404861,G,1283.11172,0.00428,,78,2,52,19,16,18,,18,27,6,6
962,47.505125,-53.33575,G,1072.957207,0.003579,,118,5,75,20,20,18,,23,36,17,4
963,48.032542,40.243917,G,6060.604331,0.020216,PHOT,16,1,35,9,5,5,,3,6,1,
964,48.137958,39.318917,G,4388.961585,0.01464,,58,2,51,18,14,7,,3,7,2,1
965,48.137379,12.384614,G,9864.071246,0.032903,,22,,32,10,7,7,,3,7,1,1
966,48.059667,-10.481111,G,3947.067502,0.013166,,63,1,52,14,8,7,,17,20,6,4
967,48.284375,42.781611,G,9808.909433,0.032719,,14,,26,5,3,5,,,3,1,
968,48.371917,44.131444,G,5374.079602,0.017926,,38,1,45,16,11,6,,1,9,1,2
969,48.102454,-24.546141,G,6488.108376,0.021642,,34,2,12,9,4,14,1,10,10,2,
970,48.3835,-25.725167,G,1686.032784,0.005624,,162,8,68,21,16,20,,32,50,11,3
971,48.668792,39.617528,G,4520.870267,0.01508,,41,,44,12,14,7,,3,11,2,2
972,48.755937,42.035943,G,6998.055347,0.023343,,215,7,132,39,24,7,,,15,5,17
973,48.755708,37.881833,G,4951.971821,0.016518,,40,1,46,18,12,7,,13,17,1,2
974,48.269792,-57.357222,G,1146.106567,0.003823,,92,2,50,16,17,17,,20,27,6,3
975,48.522792,-21.774278,G,1492.966441,0.00498,,60,1,55,19,9,18,,7,12,5,1
976,49.004208,42.074306,G,5354.688426,0.017861,SPEC,38,2,40,13,12,7,,,5,1,3
977,49.003208,40.885639,G,4698.955081,0.015674,SPEC,55,3,47,18,18,7,,11,16,2,4
978,48.975375,9.159639,G,7859.059286,0.026215,,29,,37,9,8,7,,6,14,1,2
979,49.02275,-13.034917,G,5448.128339,0.018173,,29,1,40,13,10,5,,10,11,1,3
980,49.132665,-0.468139,G,6813.982778,0.022729,,59,,84,26,18,15,,7,12,7,3
981,49.023542,-34.360639,G,4939.980123,0.016478,,26,1,49,13,6,18,,6,9,3,1
982,49.1875,6.005583,G,6993.858253,0.023329,,23,,45,11,7,5,,2,5,1,1
983,49.343458,36.568556,G,5667.876211,0.018906,,26,,38,7,5,5,,7,13,1,1
984,49.381708,37.046389,G,13609.078631,0.045395,,15,,32,8,3,5,,,4,1,
985,49.460125,41.967583,G,3778.143146,0.012603,SPEC,28,2,41,13,8,5,,,5,1,1
986,49.468125,43.304139,G,6116.065936,0.020401,,50,1,54,18,15,7,,6,13,1,3
987,48.959875,-58.57425,G,5416.050546,0.018066,,32,1,46,12,6,17,,10,10,3,
988,49.220053,-35.540534,G,1567.015175,0.005227,,72,2,37,16,15,17,1,18,34,4,5
989,49.688875,43.240722,G,6191.01405,0.020651,,46,2,38,14,12,7,,4,9,3,2
990,49.722375,40.595833,G,6196.268513,0.020669,SPEC,38,2,36,15,14,5,,2,6,1,4
991,49.562042,-27.610333,G,1368.852363,0.004566,,108,3,68,19,18,19,,24,50,7,6
992,49.864042,41.635306,G,7754.455102,0.025866,SPEC,34,2,45,12,11,7,,,5,4,3
993,49.63675,-25.835667,G,1796.056616,0.005991,,65,2,57,16,10,19,,17,27,6,3
994,49.988333,3.590167,G,6888.031515,0.022976,,30,,38,11,10,6,,2,6,1,2
995,49.921167,-19.411361,G,1578.107499,0.005264,,418,20,100,23,14,20,,28,58,35,6
996,50.015875,1.361528,G,6641.901907,0.022155,,47,,44,12,11,7,,9,16,1,3
997,49.893902,-32.465017,G,1442.9011,0.004813,,84,2,36,16,17,16,3,17,27,5,5
998,50.220208,38.253417,G,5037.112879,0.016802,,37,,41,11,8,9,,5,15,2,3
999,49.855167,-49.599722,G,1028.887716,0.003432,,57,2,67,19,16,18,,15,20,5,3
1000,50.073682,-26.464561,G,1751.987125,0.005844,,33,2,17,9,9,16,,10,10,2,1
